1,eb6786f5fc5728e135196ad10590a114,Cleveland,Osinski,frieda47@example.net,,,$2y$10$I3fIh3F.xe2d2ZcKvptaQOo1pRGbhBM02dfoxKiuvamsJZVB703Nu,cvHV0aMFx6,user,1,pending,2018-05-14 11:51:06,2018-05-14 11:51:06
2,ba0a623ff3a04531a99362914b20563e,Elbert,Wyman,larmstrong@example.org,,,$2y$10$B4P5e5yXBB0PhvBbRJ7vbe1YzKJIpY3jpkl1hNfEVrcnaEhorIot.,A878F3kKd7,staff,3,pending,2018-05-14 11:51:06,2018-05-14 11:51:06
3,45359991817e1256e30f3ea9eabcc147,Simone,Hegmann,geoffrey.upton@example.com,,,$2y$10$XmxY4UE2Q9zIkCMMNk7SQeAQk5oFb4PUMd.C6vfXvXFyuXAZI0Rn6,0XBxuod7PH,staff,2,pending,2018-05-14 11:51:06,2018-05-14 11:51:06
4,ae7a5a1bed94914c1df38c4494bb3766,Gina,Schowalter,mckenna.dietrich@example.com,,,$2y$10$/uB1eAGgSF7AmviR7iQUGeU4spqs8o1YRloC8F0PBtrCwnKjKNnv2,e1kdNSftp9,user,2,active,2018-05-14 11:51:06,2018-05-14 11:51:06
5,102ca5458ffdc79dc5b4b798efb33990,Lavern,DuBuque,trey31@example.org,,,$2y$10$KdvgL7qeE/Pnz0DdkfJ2TeelxMcXp5H/MH12psxoW6sT61CNrvS86,hmPx2ZIO2R,user,0,pending,2018-05-14 11:51:07,2018-05-14 11:51:07
6,6396f345753e1791c7d865ebe9ed87a9,Johathan,Franecki,qadams@example.org,,,$2y$10$CUKujXaRsOZnt0T.mg7UOuq0yhMt/tPC3XQ20eTrOVkx8L52XWflO,XflV6mLhlg,staff,0,pending,2018-05-14 11:51:07,2018-05-14 11:51:07
7,744577cc6f08fa64494bbc15df48008d,Quinton,Rath,feeney.cordia@example.com,,,$2y$10$K4FH24CEX6p3Qon6WW2hdONYu7.tXNtZEqbB1mgptrXJo2LZq0af2,hawLuZ3ESu,staff,0,pending,2018-05-14 11:51:07,2018-05-14 11:51:07
8,4925f809e63123bf06d9d69a5b0ab574,Devan,Satterfield,bahringer.tiara@example.org,,,$2y$10$zGvo4BK5bvdr3X8/anaTZe3A4rpFkW5VzGawnf5g2lfADchmoZ0Qi,7cHUq4lf7p,staff,2,active,2018-05-14 11:51:07,2018-05-14 11:51:07
9,54ccec4f8d1a7484a1d7aa09abcfe37f,Verla,Harvey,bode.darrion@example.com,,,$2y$10$fnHth9yNxrfZD003QV00Xu9zmAROo062l18.B.54Bwdfsn/ajDJC.,grR1dAN0U3,user,4,pending,2018-05-14 11:51:07,2018-05-14 11:51:07
10,31c8d9e9bc6f5000f4eb2d895b9bf1d4,Maida,Rippin,sdaniel@example.com,,,$2y$10$IEanOeo2OwR24AVWhy9GhOwPIJaYb2P3hzdWI6AseQw0lVLTfxoly,KxGJT1JkO7,staff,2,pending,2018-05-14 11:51:07,2018-05-14 11:51:07
11,f2063e152d123d38652e66c890e169b3,Hudson,Haley,zetta94@example.com,,,$2y$10$AIKTLmQUgrI8u3O2UWq7H.jPWqtwSnabVo5rQq953K.ka6wm3xace,360xRdVUIQ,staff,3,active,2018-05-14 11:51:08,2018-05-14 11:51:08
12,287b144cdba5a8a6050ce554c52c4887,Antonette,Carroll,marcos.bashirian@example.net,,,$2y$10$Za7BNZE4bue1t/R74wixdeF8YpGYi.LbI7yNqYzyTOThkiuGwzE6C,nylcxXxMaO,staff,4,pending,2018-05-14 11:51:08,2018-05-14 11:51:08
13,bd2fd377c8bc88ca0146309dac3be49f,Mortimer,Schimmel,ozboncak@example.com,,,$2y$10$TPGVb2BMKI.Wv2av/FVSuOqInlWf1udkgU5kXvLTr7smpHQg.mju2,Uej4HhzD0i,staff,3,pending,2018-05-14 11:51:08,2018-05-14 11:51:08
14,b9343f6bcbdc03f0298db5592d7ce737,Jana,Monahan,hyatt.bud@example.org,,,$2y$10$RNXjEIZABcHuouM3dnc5ROjwKkBjwKkEDf4sXM9AJa5KYkOkL8Aay,arlnp3QS0C,staff,2,active,2018-05-14 11:51:08,2018-05-14 11:51:08
15,ee7196c3ddd2766257f516ec888afdcd,Hattie,Corkery,tremblay.hollis@example.net,,,$2y$10$AiEA2DwGmOEcg.Ap4COdlu3IwKdCp1OhoiRJqeziIaZVEry6CTsgy,WMzC3Emq5v,user,4,pending,2018-05-14 11:51:08,2018-05-14 11:51:08
16,72ae974c80dd54ed4e0ba1693929d2da,Ilene,Spencer,farrell.brennan@example.org,,,$2y$10$MoZtSCcjEl51P1p2nb47Q.FV8/gr.6HAxkmDT6mAChEQoV6i.4zSm,birXHfL2yw,staff,4,pending,2018-05-14 11:51:09,2018-05-14 11:51:09
17,563c5e658c036fb00618939be4db9bf5,Bobby,Bednar,flatley.nedra@example.com,,,$2y$10$Yof1pXMarnMECGQObXwpCuOPDS2clq3jvxd/VCEuLkCw4fRPMxqWO,5FVZe4p8OC,user,4,pending,2018-05-14 11:51:09,2018-05-14 11:51:09
18,7aa8f864fd745a84d49be9e255226681,Junior,Renner,bratke@example.org,,,$2y$10$rvc3ml/unuQONhacDy5yO.sjsSB/BK22Hkz9EwwbfkUNiQ54rfrX2,r275sL36tv,user,2,pending,2018-05-14 11:51:09,2018-05-14 11:51:09
19,c51527d910ec8c1feebf1b7469dc9331,Micah,Stoltenberg,dominic.white@example.org,,,$2y$10$TjEPHo5.sCfCQhLCIeOIzucRP/BCU1aYVIcjjnIH.Xa9dw2BqqzOq,upee7RqwuT,staff,4,pending,2018-05-14 11:51:09,2018-05-14 11:51:09
20,26f3b44c5e2325f73f2f34b615c2e824,Sheila,Barton,cdooley@example.org,,,$2y$10$4ofhss..jGZPwnPhm2N86OJafaGHUcOBjW174TOOK/udqddGyrQtq,pjn9SJ5JvO,user,3,pending,2018-05-14 11:51:09,2018-05-14 11:51:09
21,9025068d86764e7503a38ba1be3dcd93,Selena,Doyle,carroll.kunde@example.com,,,$2y$10$5c.jUHqSqZYulaSS5HXoA.E3VqQISCU2laOvb/AUfNPaM.6lRv.JS,LeYAZOb1nM,user,2,active,2018-05-14 11:51:09,2018-05-14 11:51:09
22,038c32fbc34064907f4a53a1fcd4934c,Simeon,Reynolds,rheller@example.com,,,$2y$10$ODgJjWKrFNOwLjZH3aUfEe2STHixpjShtcx/ob4RpTrV5DWjKcyaq,85905rGrpx,staff,1,active,2018-05-14 11:51:10,2018-05-14 11:51:10
23,71d7f6b2ef365a9c03286d3433a71c5c,Mack,Stiedemann,halie.parker@example.com,,,$2y$10$78XJ2PAegwSH6NsH/nVtIOe7NyQt/xfaik9gADUlR/jRAl810vYOu,mz4sEq7bB6,user,2,pending,2018-05-14 11:51:10,2018-05-14 11:51:10
24,8a20a74376e516bffb8e18a89eb55457,Naomie,West,mhessel@example.com,,,$2y$10$UGWpIk8XZMR/RkDBs1z37.Qq9OsorjGWkFKk7eTdrYgaNj0X30IYG,aYdJ6LUWXN,staff,0,active,2018-05-14 11:51:10,2018-05-14 11:51:10
25,4231ad780d5a727c13af48e5667734cb,Hildegard,Cremin,izaiah.morissette@example.org,,,$2y$10$k4R.rMWnZ4JbwbLPO/VJUOxzS80YPkZu5ozBqfqbQ1TtNWQ3iqWQ.,CrDeAcJPjJ,user,1,active,2018-05-14 11:51:10,2018-05-14 11:51:10
26,ad6d8f4f80a83844fa7ea35aeca26214,Telly,Corwin,yrenner@example.org,,,$2y$10$feoaTPB9ohlqoUSregIzNu0L3GoR1FgHedVUSVubq1jyuNeE2QY3C,lwrd1JGsMu,user,0,pending,2018-05-14 11:51:10,2018-05-14 11:51:10
27,2ba06af28ecc713383b87477f7c4806f,Laron,Erdman,cade.krajcik@example.net,,,$2y$10$lFVcy42Jbpxp4TXYA507Luc8UALTwX/WDbdB6mbXJmulmBuZRzrCm,rzYXtzdzPJ,user,1,pending,2018-05-14 11:51:11,2018-05-14 11:51:11
28,a9f12380ea9e9717fae2e146ca15485b,Rosalee,Johnson,xavier93@example.org,,,$2y$10$bKxeFXaADyelASFP1hcmrOVsH6tgRA9vF0ctM/Uvx1eP9dZeIPs/O,Qi47a3fPMY,user,3,pending,2018-05-14 11:51:11,2018-05-14 11:51:11
29,abecacf5cc516c246cf40c7db1cce0ca,Vergie,Morissette,durgan.libby@example.com,,,$2y$10$R.sURkkEgOuKuuUPNRJVjuUtICXa5X7N/0OoX9HLltpZoL9UC.sEW,T2FNYe47lh,user,3,active,2018-05-14 11:51:11,2018-05-14 11:51:11
30,ef27c54c3b86d6b383aeff2a7c5f2ef0,Meagan,Hyatt,hoppe.aida@example.org,,,$2y$10$Echn7AxeuG3oESVoVGCMeuYDQoS1DXe7nKCZqB8ekrRZ91BITFHq2,n6MgW0u3mC,user,1,active,2018-05-14 11:51:11,2018-05-14 11:51:11
31,323f5efe8ce8cd4070f9fc4f426d68a8,Gabriella,Grady,geoffrey.flatley@example.net,,,$2y$10$7ae9S/pcHlQwlB5djZS9h.eORPSO7fxJlMjYhuDwrCWH.unjVzmia,m87EcaVVvI,staff,0,pending,2018-05-14 11:51:11,2018-05-14 11:51:11
32,ac1a00d1ef36a90cfef976c8d6f8e401,Demario,Lakin,adrienne21@example.org,,,$2y$10$tDlu2CqNkzV0UFqxcPVAXec1xWYQQvhql3uM5Agd4660lTroViQb.,GSu2oJceFx,staff,4,active,2018-05-14 11:51:12,2018-05-14 11:51:12
33,5fea2ecb5876db43413baa59533e2819,Demetrius,Emard,anissa.maggio@example.com,,,$2y$10$X.a1Lq5iRHv36JiqIz6NtO9iRcxPn2JFsTzfbodocsAtuVi6MXv9K,IbPw9UAgU6,staff,4,pending,2018-05-14 11:51:12,2018-05-14 11:51:12
34,f5be1f059098a238cf28654c725a605a,Regan,Cronin,faye35@example.org,,,$2y$10$J/CPcXrBN4d8WLpqThlmFumuWCKSZY9nLZkyZDqL09WIp/sxANn8O,cMAJxQ7jI3,user,0,active,2018-05-14 11:51:12,2018-05-14 11:51:12
35,b420d53d353cea972011df32a275e38f,Betsy,Ortiz,volkman.leanna@example.org,,,$2y$10$9QuXBAXKTUB6odkSfORDGudUK6QNmCro3XnGh.bs/IHBcScvOMzfu,rUC66cHRUH,user,1,pending,2018-05-14 11:51:12,2018-05-14 11:51:12
36,2eab4969cba519dc29566699313529d1,Zella,Shanahan,ikris@example.com,,,$2y$10$.hsdeIdxSZMvY5s.0bCfDeuX/jnePzK4p21JUVF1wqEImtOtsielS,ksvDo5LbxM,staff,4,pending,2018-05-14 11:51:12,2018-05-14 11:51:12
37,fcac020967c16a8b3b5559fdc4208971,Tillman,Brown,loren.king@example.com,,,$2y$10$M.q1UagGJQ8Dchi0ItPgIu3RhlDTo3gWqgusKMVC1hqnWVM4zRdv2,xXF8kZqNHN,staff,0,active,2018-05-14 11:51:13,2018-05-14 11:51:13
38,8bafde393755f569d0c760f7a8743856,Kylie,Durgan,hjohnston@example.com,,,$2y$10$zGhqdOQs3XILk8Smt6DO.ueEhZokHSLqj6lL2A8cof2703/1WEsLa,qB7rNgS1Gq,user,0,active,2018-05-14 11:51:13,2018-05-14 11:51:13
39,a1f4577f1c275340b0877fd66be88cca,Jenifer,McGlynn,sophia.mosciski@example.com,,,$2y$10$X/Wo5FoM0h5xK33ePRijKOSmUyim5fFbMh8rb.DSQL3TzNkQ/a/mS,EkFTLi9ug6,user,0,active,2018-05-14 11:51:13,2018-05-14 11:51:13
40,19a94710006f09997282beb0174761ed,Aimee,Doyle,mitchel84@example.com,,,$2y$10$qZf5ADMkuhB5/ojvSEdBreLy49MjW8bdZ4TSgepkCwZwdcrRduZ4y,rCxGvZ9tcA,staff,0,active,2018-05-14 11:51:13,2018-05-14 11:51:13
41,2394346cd03e7453372da87936fe2440,Chyna,Rosenbaum,dhilll@example.org,,,$2y$10$fmh/mjTJWHDw5IeLoo9eH.xsZ/RqZB4YbIirPhSxyU3oTI7UnQFb2,IujqicLeIO,user,1,active,2018-05-14 11:51:13,2018-05-14 11:51:13
42,a9312f7a2595dc03f707311f227176fd,Emie,Jaskolski,howell.roob@example.net,,,$2y$10$U1fJ3Io54kXJIUsl7sqWd.dPBJrRw8It4B3Y0Wv.kzloPB3gcC.Aa,XD2sZPcC3M,user,4,active,2018-05-14 11:51:14,2018-05-14 11:51:14
43,0f55731f53d2920a541d9f4946d81766,Cletus,McClure,zfarrell@example.net,,,$2y$10$oWcRxHyLRMgGn0ND1UbpaerTHYeU9qPTtnl36ge4uiqOdcIQbR42S,KMldqYWGPF,user,4,active,2018-05-14 11:51:14,2018-05-14 11:51:14
44,9acb7a2773c069cf69d36fa38415b5ff,Edison,O'Hara,davis.savanah@example.org,,,$2y$10$Ko3UM7PWh/6eSdszsgRUKeuxQ1A3hFl45GDvpXLU/czPn9W0vpXJ2,826s1ozpea,staff,2,active,2018-05-14 11:51:14,2018-05-14 11:51:14
45,6466c6043f123e7d7daf65d7471f7991,Daisy,Crona,daryl.hane@example.org,,,$2y$10$6pSYDBEDBz0BKEMRHXZf6OIaoPskMTkBS3NB3JRL.OlToxIrrl5mC,ylDKsXKpEa,staff,3,active,2018-05-14 11:51:14,2018-05-14 11:51:14
46,bdbc60a0e64497eb43567c4a795e07c4,Idella,Bruen,russ96@example.net,,,$2y$10$15ZDzc2Lc6UCCk.I/42y8erCnPZB5K3.75hpGwDTDeBTvUDHIYI4.,Z8SFRFHT4w,user,1,active,2018-05-14 11:51:14,2018-05-14 11:51:14
47,01ddf45288fc4b87feb4a43a0cb490bb,Travon,Spencer,ankunding.dora@example.com,,,$2y$10$VIZOnqd6aQwMwb/sIOKtIOBA9fcf9RYcgVHadmL7NS.mx71nA9RhO,yQAwQkNANy,user,1,active,2018-05-14 11:51:15,2018-05-14 11:51:15
48,2dacef9ddc56a248761b5f287955c19d,Axel,Rath,zulauf.dangelo@example.org,,,$2y$10$n2YFK3MkyoN54vQQVwAj4OjcYthpzBn3bXMMqDt70ViRvEGzdlcDW,s6YtxSFZur,staff,0,active,2018-05-14 11:51:15,2018-05-14 11:51:15
49,d8f5f6b871305c1032dab77fbd510100,Mario,Gibson,beaulah.barton@example.net,,,$2y$10$gxr2qLwvL2qfZMXg2tQrw.D31TpGqDbHDK1adg79zmGOOTJEyDOW2,M4roBgZvuu,staff,0,pending,2018-05-14 11:51:15,2018-05-14 11:51:15
50,da2209a4ac41bca4f6305a3d2b6651df,Abraham,Friesen,alia29@example.com,,,$2y$10$qOYT/3b904AilVmIQhMzmOko/ZNgDWpHepBnwjOqAucsZ6Ccv8V3q,kUlw1Vgfub,user,4,pending,2018-05-14 11:51:15,2018-05-14 11:51:15
51,75e7687747dd49a46a178b711ffcc9bc,Griffin,Howell,kirlin.demario@example.net,,,$2y$10$0EUuak7Aun88vhc7rliduOgm4LqHrRcKRJsRTyc0EnckQpTrX432e,pMTmG5sMBS,staff,3,active,2018-05-14 11:51:15,2018-05-14 11:51:15
52,280620314b855cf02082946db26329b0,Vernie,Schumm,xtowne@example.com,,,$2y$10$3oSxXl3qCwLLBJ.sSJ5/GuDlzxsFC3KaDnLvdOCEkuXhdA0K/SFe6,6w8n1UEZtG,staff,0,active,2018-05-14 11:51:15,2018-05-14 11:51:15
53,1570772b954d4f5df264f355afeb8a03,Domenica,Kohler,bbeatty@example.com,,,$2y$10$rU7lIPWXngT7jml56yAT1eJOWbibjsqVQ7ze9V32PmBqedhWnKBN6,eq6XZlzhF6,staff,3,active,2018-05-14 11:51:16,2018-05-14 11:51:16
54,e66f70e513168980ac3566abf403c74b,Nelda,Harber,larue.bernier@example.net,,,$2y$10$JF3xinlf5vuQHErYlhMpRu3UObQfGbRFFuCi0QSXW9aSuJf.WP5U.,GJhL4M3fki,staff,2,active,2018-05-14 11:51:16,2018-05-14 11:51:16
55,0e98be88837bfa5a59892af1d78ea08c,Ike,Cruickshank,cronin.kody@example.net,,,$2y$10$eJxjn5nFqUhQ/ukp8.1IEelmNyi0.u6Hk92.BV.qlg1XtyLANgqsu,9j2dkI3cA8,staff,1,active,2018-05-14 11:51:16,2018-05-14 11:51:16
56,1e9cd681bf036c9816aae794b1747c38,Billie,Jacobi,yolanda.streich@example.org,,,$2y$10$iSq1.MRVX39G/P//lijNJOohi2L4qRe7SZVUex7FlL7EPKEf.V6uK,HDpQUfk93c,staff,0,active,2018-05-14 11:51:16,2018-05-14 11:51:16
57,870fd196969bb14f46edc8dadaeaa446,Linwood,O'Reilly,zmarks@example.com,,,$2y$10$FHMrw22NwAaU1PySq/217O6mVd3tUypLGWbE.AntNeY24VELWLTA.,xYFwneWebh,user,0,pending,2018-05-14 11:51:16,2018-05-14 11:51:16
58,6d1079ba64017b45e81cc574203aa725,Ardith,Bernier,auer.jean@example.com,,,$2y$10$WsUX/nTvoOrsgBYH6/RiH.VEOb.bm72SWHMvCfp4KxEbItK8CWKE2,HZ9PHd3BMF,user,3,pending,2018-05-14 11:51:16,2018-05-14 11:51:16
59,de8835eaf81a60b00b19a2c459385628,Deja,Hayes,ubraun@example.com,,,$2y$10$4/r3Sds5P1Gu8D.pdVNFxe4KZwn3vhuAkqVMy.4PWO0hPIzAR1jWi,BnloktE7fi,staff,3,pending,2018-05-14 11:51:17,2018-05-14 11:51:17
60,10db2587de9bc9eea1ff79964a76d5f0,George,Roberts,ivy.hoeger@example.com,,,$2y$10$PUz6SZCOxYL2yXW6at/9i.b03FkPGlhxrx5237HKsSQ3y9E78fWUe,Y2aWFxdfTp,staff,3,pending,2018-05-14 11:51:17,2018-05-14 11:51:17
61,5d10ac40d1fef5020796a1c906845206,Elwyn,Hane,bell.wiza@example.net,,,$2y$10$NrcHpwHH1ouiliIZY12/quV/58kTsm8GruOvrS5At6DMwH5VCrW7.,Ep9LaeJ9Uq,staff,4,pending,2018-05-14 11:51:17,2018-05-14 11:51:17
62,3b78801cadecbc645a9e8eea34f9607f,Abigale,Franecki,talon.klocko@example.com,,,$2y$10$5Tmo.TWSukvz0KlAuEYLVugM2w5.sVrq1kRbE7PCBQw8MzUkzOogi,ny4cKfbafl,user,2,active,2018-05-14 11:51:17,2018-05-14 11:51:17
63,a6f1fac572bdfd32bf59065324cabfde,Alford,Gutmann,ghoeger@example.org,,,$2y$10$MXwKacm1bGv4TUbw6rz.3uC8mAqfn0lRP7Q8t.GideD25ogXS3OuG,olfqfATwHY,user,4,active,2018-05-14 11:51:17,2018-05-14 11:51:17
64,6a8f164eaee493a0a2ba969ba5516f29,Pete,Ledner,blick.thalia@example.org,,,$2y$10$j0HpOGjyq3IWfLKPFig/descxqgMxdu4lz4VQiT7Dwq3tU4yDMJOa,B6DSYJhs1u,staff,4,active,2018-05-14 11:51:18,2018-05-14 11:51:18
65,1b801f7ea288c98a88a0070f430a2435,Margie,Ernser,pdoyle@example.com,,,$2y$10$tCkGmARmamDiVo50IhahjOC1ZCt7fSnFAA104hE5BC7aXsDbyYT7i,8fCZgROO4O,user,3,active,2018-05-14 11:51:18,2018-05-14 11:51:18
66,f148ba5bd5111739d1da9f83b49e6668,Francesco,Sauer,daniela.mclaughlin@example.com,,,$2y$10$2ZCX7wSUpskP6iD7VAsPBeGQkSO1upKK.wglsNeYYcSDej5vNAPCC,dWYSlC1mKd,staff,0,active,2018-05-14 11:51:18,2018-05-14 11:51:18
67,2b3381b219c8db115b530683ab674c4f,Jordyn,Morissette,issac.welch@example.net,,,$2y$10$YsMYZ4PPqLLciEFpMHKNIOLZnDYUvbpQ22EJJg5./SRaD5ZjMAipm,GGC6hVqjuP,staff,2,active,2018-05-14 11:51:18,2018-05-14 11:51:18
68,f74c452e19373c0f37e43b8ecacb8e48,Jordi,Borer,toy.anais@example.com,,,$2y$10$Yko/dMHWD2/n2AsyG.Sneuvrdf1dDfkUWzWbxKI76QoRQthDu1qN2,ZmUpZcvBrT,user,0,pending,2018-05-14 11:51:18,2018-05-14 11:51:18
69,551d0b9ddcea7e021c1b6240e36207bd,Clinton,Rath,hiram.fay@example.org,,,$2y$10$XbGq7vNzldKPetH/Iz7oHOz2618QJcEaOwNbZCBpTFnD/FFPPqYxm,i7jF8FInQ3,user,0,pending,2018-05-14 11:51:18,2018-05-14 11:51:18
70,def7a39c9993b9320695595a02b86cfe,Issac,Lind,justyn.blick@example.org,,,$2y$10$4WnqvAdAzViKHIQSNl9Rn.7/W38vpWW0fhTa4Eh8o6kVF4aLHD7BO,TSydGXydCu,user,4,active,2018-05-14 11:51:19,2018-05-14 11:51:19
71,76fb875e8112660fcb022c9853895c6d,Trenton,Koch,muller.christophe@example.org,,,$2y$10$CB7HXFy5xOXALrZcMR6TlOQp2xOZ9eRpZazEyKihhIgo8OjYm421i,wljGQKajfD,user,1,pending,2018-05-14 11:51:19,2018-05-14 11:51:19
72,983fe00e7adfe2fdbdf3d560a55cad2c,Stephon,Abshire,therzog@example.com,,,$2y$10$Gm73EPcc2SGS2tG9XclzK.rwgm4ywRUSKI8RtOCJTcG/NXdQsodcy,XaulvdFvGB,staff,4,active,2018-05-14 11:51:19,2018-05-14 11:51:19
73,99428a819c858a28b12bdd57f0803be4,Geovanny,Bashirian,schuppe.jaron@example.net,,,$2y$10$zoJiry9YjYD8goUO94ycv.vHkc3R7k2buPo07tiRzzxyNKp9Pd0bu,SSMVdlsl0p,user,2,pending,2018-05-14 11:51:19,2018-05-14 11:51:19
74,22b5c52ce1da3aca8a0c81f65e409adf,Jaylin,Kuphal,abbott.stevie@example.com,,,$2y$10$tEc2XtlLm8V/DlpcXHteB.vB3uhN5YeITHMRfInWUV.LSEbn.bx/i,boqM4GEdZR,user,4,active,2018-05-14 11:51:19,2018-05-14 11:51:19
75,0ce8566d5a8f9d170ef3d2e4db0b476a,Rebeca,Hamill,holden.kessler@example.com,,,$2y$10$.IbkLb6bJWvhzxtll3DzjeZxY8lG0jRjwLn6JGGcYbGaBD4kzRlK2,OX8CwgaAQW,user,1,active,2018-05-14 11:51:20,2018-05-14 11:51:20
76,4951c8a67fdbdc6456b45d6684dbb892,Grant,Rosenbaum,roy09@example.org,,,$2y$10$N5ESGbco7R2Jp/6PIPTM3eNQSduMKckS8VVTukO3UkX0hrR5zurem,6O9ZzIk4Es,user,0,pending,2018-05-14 11:51:20,2018-05-14 11:51:20
77,d8c92ec3b571f110b795bd182ef0b540,Eden,McCullough,corkery.leta@example.com,,,$2y$10$lyvIRX5vbsChEYbmLwF33ehmPSUiyEOeKnz1PMdIyO9WO/KDhMDSG,TursnyVW4t,staff,3,active,2018-05-14 11:51:20,2018-05-14 11:51:20
78,e1b3f3fc70caecdeba93502ccf65811c,General,Larson,murray.lewis@example.net,,,$2y$10$4SZz99wMegRROGtqiKRufOgIjPSwCmXQUfabePlhvWQfi1heLtlza,Mkjy2QOOJy,user,3,active,2018-05-14 11:51:20,2018-05-14 11:51:20
79,65e7ddf5685d3c98514d44fa77ef8e0e,Baron,Homenick,kleuschke@example.com,,,$2y$10$CAfvBmY9fpI0EGZjK3Ve/.JBAS.9Ec1Vw5lLKUeRal8GXQXElNgnW,qX2fRjgZgW,staff,0,active,2018-05-14 11:51:20,2018-05-14 11:51:20
80,19cc9e9cd7137c14e4d103cabb629738,Wellington,Krajcik,waelchi.alicia@example.com,,,$2y$10$shhCrjhrrq6HvCl9RVK4V.xOQzd68TLaVZ.6w/Ak/S7RwCxILhC.C,FU07DMg9Ph,staff,3,active,2018-05-14 11:51:20,2018-05-14 11:51:20
81,dda64bc385798faf8568eeab314a892c,Mabel,Roberts,izaiah79@example.org,,,$2y$10$PPqXnlO7622nHxLZ4Rk/zugrKNlHtlI3rOcOCKUE03tx7x/jKC3RO,euGHWPTt5u,staff,3,active,2018-05-14 11:51:21,2018-05-14 11:51:21
82,d63b918d7cb455c142b8ea11fbd8a56c,Alaina,Zemlak,will.ardith@example.org,,,$2y$10$kyXeMg.QqJqQ3n57gI.diOE/nMSFwUpEsaPgKbYQPQexgpVX6Vzcm,SL9kLviicJ,staff,3,active,2018-05-14 11:51:21,2018-05-14 11:51:21
83,2fa81ffd1d0829444960a1ad48c5a01f,Rosa,Weimann,kkunze@example.com,,,$2y$10$lTLv8oTCSoJHsGcjO9sj4ewKPdjanEV/HUlOzWByjWbxDjaMFl.BW,RZzhPN8ssz,user,0,pending,2018-05-14 11:51:21,2018-05-14 11:51:21
84,c9a7af6b7255c3386d60eaf8f734e8c5,Luis,Casper,gutmann.enrique@example.com,,,$2y$10$4nlr9Qz.NADMaB0SsgFKruPYYuk/ADYSLt2Qn/8TI6XTnkyPI5BYO,zBAilIQdTy,user,0,pending,2018-05-14 11:51:21,2018-05-14 11:51:21
85,ce75eafdcd8449ec37a9e207920bd8a3,Daryl,Torphy,connor34@example.org,,,$2y$10$FX0aLGB9AnHhkJ5WwXb35..GzfExIunCfWAjwJWEScng17CCG2NT2,WF6poODZoy,user,1,active,2018-05-14 11:51:21,2018-05-14 11:51:21
86,d495c33d41581055792fd067a2f78185,Josianne,Tremblay,javier.kessler@example.net,,,$2y$10$1yrU.3HV0P9jFxJzIoHMh.YxD.UV3DzOcxkdMjdJkyEC6Lmof7i5O,YUHUuPAXUk,user,1,active,2018-05-14 11:51:22,2018-05-14 11:51:22
87,a37b308f110306bee252377a92a45837,Verdie,Langworth,kbeier@example.com,,,$2y$10$Tl/7kHsb6Hc9wdZBaW6CoecVR7/cgTO3E5MZJvVLhHYb3Ax3xBqhq,SouyJWzfbR,staff,4,active,2018-05-14 11:51:22,2018-05-14 11:51:22
88,25021e09eb9149e2f804a0f0d4559a7e,Jacklyn,Rau,roob.trisha@example.com,,,$2y$10$VVKMlSg64TrS58qfi2ZEEuUg2k.rDEpiXZ0DF0x0sKsrIBo3WK8qm,f1rhNq3rUr,staff,1,pending,2018-05-14 11:51:22,2018-05-14 11:51:22
89,99073b533e315045e4978b74fe65630d,Americo,Ortiz,maryam91@example.org,,,$2y$10$LLn6.tsO76WYg.Tg5ByHxedFSs/.RrDm1SnxT4XrdUz3FA5YVCjk6,afVY1SQnsR,staff,0,active,2018-05-14 11:51:22,2018-05-14 11:51:22
90,307b81662d2056c570412502e81608cc,Timmothy,Ward,beatty.gordon@example.org,,,$2y$10$eaOvYu3S5XdHpbcPwovjIO3Pp3kuWa5lNHl8QHbZ4GNnRHIjHttP6,57CyArL6vV,user,3,active,2018-05-14 11:51:22,2018-05-14 11:51:22
91,990125b870827d4ac59a2302b860bee7,Dillan,Mosciski,dickinson.larissa@example.com,,,$2y$10$jk0UiNG/avJhWl6kfnSNjOvsosGLS4QZaGOD77sVBtIPDYMem6ITm,0O0xKiwqyh,staff,1,pending,2018-05-14 11:51:22,2018-05-14 11:51:22
92,5e71e963333f56e462c3cf5fbbe195fb,Rickie,Heathcote,taurean63@example.com,,,$2y$10$RTCeVKGEBxbGjZj5uSwMYeDS1VE44TcHtRMQnlh7qU9RiLj.RO5jS,DME67Wjmkf,staff,2,active,2018-05-14 11:51:23,2018-05-14 11:51:23
93,167e91f32b8981785d65d6ae001ff2c1,Virgil,Leuschke,aida.feest@example.org,,,$2y$10$yuwuS/J3Bp4We8aechaMruBaY4aq28LApzUxoa5pUtCYaDYFccLTS,nLLhc0Q2It,user,3,active,2018-05-14 11:51:23,2018-05-14 11:51:23
94,9e7f98fb664b96ce49e0d449d843a1bc,Sienna,Simonis,marvin.aida@example.com,,,$2y$10$535w8zr7dQsq7o.kiVjHme9j6uIFsQb8IzDdNGZdhy8b600MB1cMi,1MjrIO1pjT,user,2,active,2018-05-14 11:51:23,2018-05-14 11:51:23
95,ec6a4cd07c68f357864706f2338feb19,Thad,Erdman,hauck.chandler@example.net,,,$2y$10$RPVQeT7KGJhEV/Qce6eMNeUly.KnKAS.aT7TSdQvF5M5OwxBVLxa6,ti3ThDAyIK,staff,0,active,2018-05-14 11:51:23,2018-05-14 11:51:23
96,6465a7adcec48d730e0edddb2f4fd76b,Greta,Tromp,alejandra75@example.com,,,$2y$10$VFmGcWa53f52VCDZ0xxNwOgnU8/OU8mDbjTKP6ujWofaCVws3X9dq,0ngoFADzEx,staff,0,pending,2018-05-14 11:51:23,2018-05-14 11:51:23
97,68605392c0d0259e77283b9387768167,Vella,Daugherty,raynor.ned@example.org,,,$2y$10$QZdcF3kUjXyS7o7WkQKNCeeimr2FWigykLV5FNyyAzUejfXM3GUi6,KWFcwqL19U,staff,0,active,2018-05-14 11:51:23,2018-05-14 11:51:23
98,86ffa42cf50d13cbafed24b24bff957c,Eldon,Berge,jakayla06@example.com,,,$2y$10$Hqf8ZlwFYZ8sGWueC.auNuGvZQyclEITv.KMTSr6ZDgMsgEPixYe.,1TNZBDofvo,staff,4,pending,2018-05-14 11:51:24,2018-05-14 11:51:24
99,d4dddbe4e2a8bc77b79392e0c39a5677,Ernest,Tremblay,kgerhold@example.com,,,$2y$10$W22FHxikuDCi1EMddtSgXe2nlj25c5Zq.R78JmRmKqmFFw/Tswj9.,thyumQsADJ,user,2,active,2018-05-14 11:51:24,2018-05-14 11:51:24
100,b4d5df708bce8116b45afeb72f53ca46,Wallace,Feeney,olga46@example.org,,,$2y$10$9qhU.gWemQe7iVXivzIL/u4Tcmk5M/rNARAxAf3y7weQHQdtuPW8W,5YEPkB6ah5,staff,3,active,2018-05-14 11:51:24,2018-05-14 11:51:24
101,4cb223b4610747e89620b7716b6973de,Ted,Green,dietrich.mercedes@example.net,,,$2y$10$IIKCUnytfZUzig1yZ3squOdMMM1OhFUlXjhXn9Q9PlghL12EiGoV6,skStvpqBQN,user,1,pending,2018-05-14 11:51:24,2018-05-14 11:51:24
102,2a62b84fa602fb6213f89c04068b7001,Ellen,Fisher,melisa89@example.net,,,$2y$10$oC2JnZ0W4dsCQ0hr1Y6hSu4Tb85sD9ZmqA7AOEvAY.Eptl83sECJi,kXjSub4Fky,user,3,pending,2018-05-14 11:51:24,2018-05-14 11:51:24
103,6b50f871a0508f215b2d1eabaaeee32a,Allen,Howe,orath@example.com,,,$2y$10$t91e7XTOZnN/R3nAbfEPb.tY/9aFxqBbU3ng07jDexZd1.u9noD..,9gZqNZQkrx,user,3,active,2018-05-14 11:51:25,2018-05-14 11:51:25
104,a2a22540d7d4d07a451ae51b9d903b20,Antonina,Ritchie,lmurray@example.com,,,$2y$10$FwexOOtbyCuSDbUm.WtpDe0e5A3p.IhIZzMkdQ6yzRc4ZWLDCX/cK,buO1f5B23e,staff,1,pending,2018-05-14 11:51:25,2018-05-14 11:51:25
105,8c7ca17ed8fc5de00e68e82c2d5c4608,Alexandro,Lang,elmer17@example.com,,,$2y$10$lCkzCL3PKlmey0pm0/k6yuBh8qBhus86Jc8FyPEwBqElJipkvpXsW,Lkymt84LB9,staff,3,active,2018-05-14 11:51:25,2018-05-14 11:51:25
106,6dec75aac4783340f65b0558b6596938,Ayla,Anderson,tiara11@example.org,,,$2y$10$KAss4JjSZxzVx81MN9hOP.okXfBj70zswCSu8gvX07f3rasY/SYW6,dQkVF5juX5,user,2,active,2018-05-14 11:51:25,2018-05-14 11:51:25
107,a11177dcfdf5af6cf34a2797823aa130,Kacie,Gaylord,herbert.schulist@example.com,,,$2y$10$6fXiw.NSC.6TeINXE8JFNeAMEWAHcQ9tI4RlXv0d2YxyvPpz8gm2y,tBgc34KNWa,staff,3,active,2018-05-14 11:51:25,2018-05-14 11:51:25
108,a8f4ba4df990a037cd6b769a8976e491,Kayli,Gulgowski,leffertz@example.net,,,$2y$10$mwAnWpHEppKuYL6MF1YZfeqyDQ4MjWOUTsGVdU7KMVFkMQIhd1CXC,HNK0osdQWT,user,4,active,2018-05-14 11:51:25,2018-05-14 11:51:25
109,4a4e4290267be1c74ebab82747d879d5,Creola,Toy,mayert.antone@example.com,,,$2y$10$wIRkawY/V0xqieoc5yHPgeorAkG4ViaO6Gi8XisvVa.5dFyHd/r2q,fb2AbmBW91,user,4,pending,2018-05-14 11:51:26,2018-05-14 11:51:26
110,45a2f5af5b9623a12d00d464e8222e71,Veda,Schulist,tobin26@example.com,,,$2y$10$ZCBrVIcvtOeCAUrRBaLofOD8.gxagMX0rwECnlEdR2FNgHCWwtfqm,2A77xDG9aX,staff,2,active,2018-05-14 11:51:26,2018-05-14 11:51:26
111,1f55913ea82ce9da15ab86f4f36cd4de,Manuel,Mills,leannon.angelina@example.org,,,$2y$10$mzIb/0AEviliKO4533gtAuYdKYIUDvHskemFui/lc3nHkR5gnUx7m,khq3J4dPmq,user,0,pending,2018-05-14 11:51:26,2018-05-14 11:51:26
112,d4659a79de2a84ee4f02a19c89bdc3f2,Colton,Beatty,raquel37@example.com,,,$2y$10$c9WUz.w7/8nthj4Nz.LdKedCtxz3ortR8BOgmvURf58zCK0S2tXZW,Pwf5PgxAru,staff,1,pending,2018-05-14 11:51:26,2018-05-14 11:51:26
113,9e8be1a0524c51b66e7f123125bd00bf,Lilla,Stokes,bheller@example.net,,,$2y$10$wnN8E454VJ/OJfvHlUZYC.PvCA5pPVdSxJA4BXHVpWOhAWGFe5l1O,Y71FU7Ij3w,user,4,pending,2018-05-14 11:51:26,2018-05-14 11:51:26
114,06f7fce37745ed82261dbf3e31e9eee2,Hester,Huel,adolphus26@example.com,,,$2y$10$ubvJI/wUbZY3Td5osmvLc.sZBgYBdwRuPJmNjgbaaVEEd.NHoCTuq,087o3YKeuy,staff,4,active,2018-05-14 11:51:26,2018-05-14 11:51:26
115,cea045d84599f57c99ff2ca848cb3265,Elmo,Toy,nkilback@example.net,,,$2y$10$IfhiwiQBfN/HG8RNpJq65ufpea7HUuGiRT9y0Gh2rUhQy6dWBypO6,C2KaS3iS1K,user,2,active,2018-05-14 11:51:27,2018-05-14 11:51:27
116,2aa248ec531eaa02c2847c5325ffe5a2,Karlie,Kling,oreilly.evelyn@example.com,,,$2y$10$Kua.n2YFurlE/ezqdZHkh.4tIWdVcWz.aklnaNWANQ.omDDhL6qcC,To0HQBWr2s,user,3,pending,2018-05-14 11:51:27,2018-05-14 11:51:27
117,005cd9f7b8952bc7494d64e49767a4c3,Hanna,Brekke,gene39@example.com,,,$2y$10$MnOYyhI1S7ZGwhfLrxmY8OhS1H7LKydQ25jDWv.Ga.WRxO9ayqXmq,OHeEhkzBAs,user,4,pending,2018-05-14 11:51:27,2018-05-14 11:51:27
118,22620eb1c74f0bbce66b3d06dc92b6dd,Anika,Mohr,braden33@example.org,,,$2y$10$O02htPFEFn44NB6xCMizRuCmRnQ3mh5ZgeZY3C/K2wXcMj5YvB2Hy,lIIy9AUvUZ,staff,3,pending,2018-05-14 11:51:27,2018-05-14 11:51:27
119,9595f30d9e168a4b5ceee0d31933c599,Isabel,Wisoky,jaclyn.schaden@example.com,,,$2y$10$rsTHGpOpJeJNlz8B4PjoZO2EewaRdhplYgv3/Ddni1Q1EZboUkdG6,6it9rd3tFI,user,4,pending,2018-05-14 11:51:27,2018-05-14 11:51:27
120,8510af9607db71c6b077c5e0dead9ee5,Scot,Heller,hermann.nadia@example.com,,,$2y$10$sqxM/v6w1wSR19h/mkja9uhRwCyZQWKTZ6Mejk9xqc1uwcPqRH3ra,ksweJKHeFN,staff,2,active,2018-05-14 11:51:27,2018-05-14 11:51:27
121,36b622d455b4b1a02b4057703aa5545f,Dane,Glover,hconsidine@example.org,,,$2y$10$lxvrVrhB44q4VKKFiLvFLOhNSsCxvbbIc0t5Ip2hEv/sm1c5gNyPu,67Mf6H62tF,staff,2,pending,2018-05-14 11:51:28,2018-05-14 11:51:28
122,49f7f89ca9f5c7e37401e43bad2db3e6,Idella,Sporer,jerel39@example.com,,,$2y$10$eRrFSAf1rEYNohPT8sjUuesF2DixMak8spicAGcWajbi6nMUmRpxG,MdacBUvaX4,staff,2,active,2018-05-14 11:51:28,2018-05-14 11:51:28
123,b0c82caddb88025dd58091b5fb585a3f,Jaiden,Blanda,windler.gabriel@example.org,,,$2y$10$/MLFYwUqmLGEH5T/P4mgAuGp5PXZhiKUu9A1l8rJanQin1.4UkXKm,46MUFEUJnd,staff,4,active,2018-05-14 11:51:28,2018-05-14 11:51:28
124,21fe9379eaf0115d8eaae726d8b3a0c8,Claire,Lowe,ursula.kuvalis@example.org,,,$2y$10$vRyK35ADH4POFY8LJjwpp.Q0NI9dQOtWFFhKlH8UiNAhP061lUwqK,SLpMEqDcMZ,user,0,active,2018-05-14 11:51:28,2018-05-14 11:51:28
125,9aa6e6bb331dad9e625b01c7b154ad62,Herta,Wiegand,irice@example.org,,,$2y$10$1L/thUbIfjSyfMgQDJAdlOFB91XLoJE3bXyZVcEUzhEMx8TjQdgX6,pXZk3P10R9,user,1,pending,2018-05-14 11:51:28,2018-05-14 11:51:28
126,d5b82d04861cbd22eade7d09f89c3b63,Terrill,Carroll,roger.willms@example.com,,,$2y$10$yDvRIybx.P.pG7oExDS7ee1wBScXxpY8.XbDdIGGMBaAe4ChLh7TG,akEmqxpad6,user,1,pending,2018-05-14 11:51:29,2018-05-14 11:51:29
127,a1ab373a46037fc19729aa3f756392a7,Brice,Kunde,gilbert22@example.net,,,$2y$10$U/pbX3r6NOluXQ9uDP3OJO2ibOqG7znLRAYJ0dPeP5.xXwOztGDrK,zbhRknhIG7,staff,1,active,2018-05-14 11:51:29,2018-05-14 11:51:29
128,2e9e09696b769e694c54b9187f2571ef,Jocelyn,Carter,hyman43@example.net,,,$2y$10$iU5OsriswwOCoo6gkxERiOb4PAr0fq5YMQwR.OiurDyWmfxQ2VghK,jLuqfOyIRp,staff,3,active,2018-05-14 11:51:29,2018-05-14 11:51:29
129,bcc1d7517e1da2050b4ecc8fb56a386f,River,Champlin,bbecker@example.com,,,$2y$10$EDQsBRSDzLH2ZB/Rx3gUB.6roxVoWGAB02AsOY4BPS5.WHBgY1tay,lFqYtTS52N,staff,0,active,2018-05-14 11:51:29,2018-05-14 11:51:29
130,75591bf3de384a57771ad2451d5482c1,River,Adams,liliane.turcotte@example.net,,,$2y$10$bzy1YgGTU.l0h6Q.r94Nduw2CnQQxhsSCUpIZp1yHX/rGCS2QD5tO,gP4ZSt6EV6,staff,0,pending,2018-05-14 11:51:30,2018-05-14 11:51:30
131,97e0aa3c084aed60ebe037a7e0196c06,Lee,Hackett,tgleichner@example.org,,,$2y$10$wNei19C7q/LxAOSQH/DXyOAXMJs7JJ2cJQxclQuj9574cSwdUkpGO,DsnuouiouO,staff,4,active,2018-05-14 11:51:30,2018-05-14 11:51:30
132,fc84801869c6e6bfe66653b334c7c450,Madison,Pagac,lhayes@example.org,,,$2y$10$vx6zvR0pt6ECbvceFNK3.O56Dk5W1vk3UzEQ8YbsoKemZt8SO5Wua,JGGJ900YQx,user,3,active,2018-05-14 11:51:30,2018-05-14 11:51:30
133,1e068fe276b9298974f44ee31544593b,Hillary,Morissette,bins.aidan@example.com,,,$2y$10$JzA7tqSLXNZ3YJHUuV1tNef0KZhF3/REU.bJOWBM6e0jbiULXKSby,ANG1gFTXD4,staff,0,active,2018-05-14 11:51:30,2018-05-14 11:51:30
134,74977d2ce1ddd0a4c0865e9b6f2f7645,Jerod,Corkery,enoch07@example.com,,,$2y$10$0h2UL5NW6/pLgrfAE9zgU.VzjnBt3hD34CVN3iTiz.i8EUIAQGZ8W,28ezx98Y80,staff,3,active,2018-05-14 11:51:30,2018-05-14 11:51:30
135,887b3429684f7998ede1e148d7e8b9dc,Keira,Gorczany,chandler.kilback@example.org,,,$2y$10$kD8MF2p1UQTm4egEmgLbO.oJhZ41MrAnmDJHhlWOcfdqYtas6rTsW,KiqoHrryPR,staff,0,pending,2018-05-14 11:51:30,2018-05-14 11:51:30
136,c38427afabf314751772cc3a4c7314f5,Nella,Schinner,yheathcote@example.org,,,$2y$10$XceyVLmZnI0lUPYgLAi.4O5UveoFOPJ0jMjCVioSWiAA.Gm97dkB.,BAcy8oVzMU,user,0,pending,2018-05-14 11:51:31,2018-05-14 11:51:31
137,05ad89a62972fd35be59f81084164f22,Lavon,Powlowski,bret.gleichner@example.com,,,$2y$10$S7IdGDJxyZ9tMOfbNb3qF.SrOFu7bp3Nf0oF9CL/5AcvTBC15c0cS,WvtwEWFsZz,user,4,pending,2018-05-14 11:51:31,2018-05-14 11:51:31
138,0667069fe9c4339738f2ee11d3060362,Dallas,Kilback,roscoe.stanton@example.net,,,$2y$10$FDyJuBPBcl8dRrqNcF9O0.xvplt4tDxTKitQgiO0OeJNimitGzIVm,7BWdt5ZFyS,staff,3,active,2018-05-14 11:51:31,2018-05-14 11:51:31
139,e5e40aa4e584a0612854907286c82aae,Jeff,Bernhard,audra.schmidt@example.org,,,$2y$10$gTOPf/f0Hzr1A2ttWcmv0.Jx71Ksqj9s8bNald4io3dlGWLDifIOK,I0uiAt4sde,staff,2,active,2018-05-14 11:51:31,2018-05-14 11:51:31
140,4df079ed802b212adb0ff345cc8d9335,Abelardo,Harris,rudy.dicki@example.org,,,$2y$10$lrLDFbe9P1XOWwQ/8HDLH.ssuizVmhJ.K.lhUlRsKDWeTzOf6RKC.,3AZdRsLGh4,user,2,pending,2018-05-14 11:51:31,2018-05-14 11:51:31
141,e19ffb2223c0699ebd093a3d16112377,Desiree,Schiller,ohermann@example.net,,,$2y$10$n91QjtzI2PIa2DTdLBA96egsEPhFAA27UlBWhvXJ1zAeyf9s9jIby,jckJZCTDUE,user,4,active,2018-05-14 11:51:31,2018-05-14 11:51:31
142,60341c09966a8abacf61105799131ead,Reilly,Rowe,larson.kali@example.com,,,$2y$10$ApZwyaDbdOJot8HNrb/ZreCE/o3d1qW.Cm0dn5c42mXxDBpP7a6xK,INXXkXFIUW,user,4,active,2018-05-14 11:51:32,2018-05-14 11:51:32
143,d54893a5dda17f2d5fa2f36afe885037,Erick,Quigley,kerluke.deion@example.com,,,$2y$10$sIZvvSVRfl8veqYeXMcIXuM85va8gSqY6RRFh0o.s8daGuxIpVjTK,SY0sBNo19U,user,4,active,2018-05-14 11:51:32,2018-05-14 11:51:32
144,52c9146b5b7fde7f98fe4269d11799ef,Jennings,Grady,xernser@example.net,,,$2y$10$AG/6Lna6/p34QNgS7pgTXOwrjoYedaDbjtcPqa2RDxIOMBGh8H6hy,HcojCCLLrL,user,4,pending,2018-05-14 11:51:32,2018-05-14 11:51:32
145,47a5636b5bdba1096737807ef4adf4ba,Janie,Cormier,tbeer@example.org,,,$2y$10$AstGtWQkVT3T1Jh5gkKrN.XzoMwOFk79iJ2XLScUfbbzTckro7tMO,jx9bblHzLp,user,4,active,2018-05-14 11:51:32,2018-05-14 11:51:32
146,ccc13e658744df5a863bbdbfaa2f3ac1,Dora,Fay,gusikowski.breanne@example.com,,,$2y$10$rBa1sRhfJuxQJ8KNPmM7Huvh.WUSUACRv1G7idm8a41mojmmYE/V.,5yQBj97Mfk,user,1,pending,2018-05-14 11:51:32,2018-05-14 11:51:32
147,6147cb3adcb4d843351d1184d9df46cb,Erika,Wiegand,kelsie.waelchi@example.com,,,$2y$10$cxPMQSTQmp0RlN9HhKp4XejRj3fyz6Mm5SxwUBs.N9FSa2RMHSCfe,NOjo6o5gH1,user,4,pending,2018-05-14 11:51:33,2018-05-14 11:51:33
148,3fa7053e9953b896351b44eaac443f02,Trey,Stark,stillman@example.com,,,$2y$10$BvfXwfRhu5DNwLDRrZ/S6.JyLTXB4UskttqlvA2RGR2cM3ePsxULC,3qO1ataALG,staff,4,active,2018-05-14 11:51:33,2018-05-14 11:51:33
149,d9e30168fefd47be069e11da30ee687e,Krista,Rogahn,boyle.ottilie@example.org,,,$2y$10$X2WxeHMIQ8uNA/y3f30kCOqc7uW5xug3RKzgQ.DyrpXRMqIng09ju,QUHhweyL4Z,staff,0,active,2018-05-14 11:51:33,2018-05-14 11:51:33
150,d8e69a23b71ea70ba18831db2601e5f2,Sallie,Bosco,kory.macejkovic@example.org,,,$2y$10$NZyOTjUynhi4IxSnm0f9dewRIAbDAk3jEeSjzIfKB5S0xB96foFbq,n7jhKbJMga,staff,0,active,2018-05-14 11:51:33,2018-05-14 11:51:33
151,24ae23a239d1161674928122454f20c6,Vicenta,Lakin,davon29@example.com,,,$2y$10$fIsCviW1Yp7uAJBa7hHAUuk70SFj1wfDHi4Uasz3uzLu9QuIwB.IK,RxO1a0PKRm,staff,4,active,2018-05-14 11:51:33,2018-05-14 11:51:33
152,0b7de547349223414406dbde8b92f7eb,Lorine,Schuppe,darren.lueilwitz@example.com,,,$2y$10$NXwYvWo./0SUboRhfg5CR.IyVrMnWt3q4/FgBZk0U4Kgn4JxUfiYO,PZ8B6ZyQGg,staff,0,pending,2018-05-14 11:51:33,2018-05-14 11:51:33
153,40f71e11ef2e6acc8fb70daad58838a0,Roslyn,Schulist,linnea87@example.org,,,$2y$10$Suca9Dk6szg557mMDlBb5uqrVqO15.0ExVkEGtT1rsMvp0oyvSBL.,SL3hzqhR9L,user,2,active,2018-05-14 11:51:34,2018-05-14 11:51:34
154,c28ffdf9b2656c05638c174f769554ce,Donny,Pollich,kennith67@example.org,,,$2y$10$WDoiUjetsf6aUcYTAOAxfOQXN6JcwkjMxTkjQZKuJHmXFiZ3s/ydm,kCtVcsDXzA,user,0,pending,2018-05-14 11:51:34,2018-05-14 11:51:34
155,4b07ae0aa5c30d87658d0607715645f4,Felix,Ullrich,nico32@example.net,,,$2y$10$PH/CwbuXhFXFnGSXEfR0ruyO9PHA8OjHXqELJpQJlJIxj7c4p1OD.,T53yh24GIi,user,2,active,2018-05-14 11:51:34,2018-05-14 11:51:34
156,8928e007ed991cb134cef5f11cc63ab9,Angelo,Hyatt,stephany.jones@example.org,,,$2y$10$PCMyO820Q0MCd3EsCcf6Jek4cDE1hRCEdjBQm1qPYuPFxcGXec3hS,uHnPUHOnru,user,2,pending,2018-05-14 11:51:34,2018-05-14 11:51:34
157,7063d25e2fcf2063741a5bff62eae376,Brock,Koss,parker.ethyl@example.org,,,$2y$10$Y0i6WESSCVR.xYJq1eEYHuqkVSplcfA6sN3PblnpjmdAbj5dKA74e,du3OZ6UcKP,user,1,active,2018-05-14 11:51:34,2018-05-14 11:51:34
158,f64648bd8ab50d631082ca55e8b64171,Franco,Nicolas,helen.oconner@example.org,,,$2y$10$1zoaBK.Mvp0ZqKmioDDC8e78boOGJHf2Vw8gfPEeM2sCz9/qODpM.,y6XSmgpnP9,staff,3,pending,2018-05-14 11:51:35,2018-05-14 11:51:35
159,65459416a22b3ef74febb4679839d767,Christy,Terry,jamil.lebsack@example.org,,,$2y$10$kC2b4JpJu5PF6gOOBKeIYu7RQXFJJy/mqhB63jWDxr3.0tY0315X.,dGf8t1Bl4d,staff,3,pending,2018-05-14 11:51:35,2018-05-14 11:51:35
160,1daaba96083ddc4cb55a8da01b2b9901,Romaine,Von,isabel59@example.com,,,$2y$10$2jp9x6.K07mBv9R.pbYBGez33NTYxSRz4NP3su.XYkHHGvw9GYxpK,kmkjArp0Cn,user,3,active,2018-05-14 11:51:35,2018-05-14 11:51:35
161,62b9b7366c174b68d39b9689f3692626,Jalen,Thiel,terrance78@example.com,,,$2y$10$R4Yw18Yz3gJWIj2UoXltUeUtMoijIsjPBgFi6ddmEsTerOWmGMlWS,gAPObRB3rT,staff,1,pending,2018-05-14 11:51:35,2018-05-14 11:51:35
162,d701c2492fc36651affba3f84406b78a,Samanta,Mueller,frowe@example.net,,,$2y$10$wWA/.Lx.DPX5pxi5Lc0iM.fBRpgqFpNvYQGJQHJgEiN/LGZ4XxyRu,zl0qEG0HqW,staff,4,pending,2018-05-14 11:51:35,2018-05-14 11:51:35
163,b6dec9812e9e9c718ff06c914078219c,Francis,Leuschke,heber88@example.org,,,$2y$10$bXXAGMSjoKzliZAeB.MyQ.YYTzvjaHHp2foRnTyRLWv.VKDH0DrgC,ODBFJq1S7c,user,4,pending,2018-05-14 11:51:35,2018-05-14 11:51:35
164,27b2de27e4a62d9324d47bfaa58f7770,Felix,Halvorson,abigale70@example.net,,,$2y$10$qR3J5pNOzZ7NZLmvfu9x/.SvB0MSzLBjkuAjDqlWgaywzV9nFhPbG,KnzZ49zC8U,user,3,active,2018-05-14 11:51:36,2018-05-14 11:51:36
165,4c855615c590d7ae80f1fe42abd7901c,Clotilde,Dicki,hilda85@example.com,,,$2y$10$yTUBsLOVYYLwT.LN8GY0QO0mkiMRxCVoFO8.xMMT9R9FBDVmsMlda,5DIrES4qEW,user,0,pending,2018-05-14 11:51:36,2018-05-14 11:51:36
166,4debffbe2225c49130f07d973a42db68,Hulda,Dicki,gorczany.glenna@example.net,,,$2y$10$QeXv1.lLL0cL/IKGkR8m.urWCKXoP8VCpl25MQM7lO1kzQiKF1rE6,dryr71S6rS,user,0,pending,2018-05-14 11:51:36,2018-05-14 11:51:36
167,8db165e0c444f17dfd71097edf1d77ee,Francesco,White,kyla54@example.org,,,$2y$10$jwh3kJ9YcBm/DSGG3z3xa.C5pXzlWlNcTCOHV0hpUq4Mz8V0vtztq,wj0ovXoLU9,staff,4,active,2018-05-14 11:51:36,2018-05-14 11:51:36
168,fd8055dc0fdc355dfc8611d43bec7e65,Ashly,Jones,kboyer@example.net,,,$2y$10$R45GSwxpAVOO/g2d/Tn7PeJUNS4FoRgENP27Lkp9WX2OCXRoeSff.,aqFsKEqV8q,user,2,pending,2018-05-14 11:51:36,2018-05-14 11:51:36
169,8e015c6247f9d045d7e3aac81c38d85a,Marietta,Bins,boehm.ezekiel@example.org,,,$2y$10$Fokh1ukhZ0phKyQJ9SPRE.1uUM4RZGLan3S0KeXR3HxY4wl9rPG1y,PjC1wisHi5,user,2,active,2018-05-14 11:51:36,2018-05-14 11:51:36
170,7740262a7887b91f1cf66e69a6ddaed4,Priscilla,Marks,ruthe.nader@example.org,,,$2y$10$u4Q1CLQ3PaWwfyncBgQf.u3vxq6/Ig29jWtcBsAERvV.oOvNV91sm,MDYMi5HvaS,staff,4,pending,2018-05-14 11:51:37,2018-05-14 11:51:37
171,9c445e198013cca013d27d372d4e7808,Josefa,Stehr,nannie11@example.net,,,$2y$10$/.3dfObbSMcRFFSvFf2P2O1Zfx1hfHBk/NyhVHjuJRR0WV3QTSjUi,cbZWA5zrbO,user,0,active,2018-05-14 11:51:37,2018-05-14 11:51:37
172,f7084d93c169dfc21bbcc1756531705f,Zachariah,Frami,blick.cali@example.org,,,$2y$10$cyYRzgSXyswjtk5uneppZuFajlnhOL0lmU8vjefzicld7TEZOgVi2,oH3tilLHat,user,2,active,2018-05-14 11:51:37,2018-05-14 11:51:37
173,094397ca80cc59e0a2ebfce01c97110f,Jovani,White,lorine.walsh@example.net,,,$2y$10$h/Xnzr3NarKJgHv8c/pWCOWUmlia12H2m2lruKnhTsJGk8PKYwxzy,O2QhQmfAMr,user,1,active,2018-05-14 11:51:37,2018-05-14 11:51:37
174,d36b065081f4e9297ef22c4bc3fd9288,Concepcion,Hirthe,lolita.lindgren@example.com,,,$2y$10$G1Vz7fNLK4ZGGm7MMMPSxuH9wly17M/s6pUiJRTDrsnPhuQdoKzL2,442pCPeAHd,staff,0,pending,2018-05-14 11:51:37,2018-05-14 11:51:37
175,cbcd9e62c1c615f010d0b38cf7237e6b,Jovani,Barrows,torphy.abbey@example.org,,,$2y$10$2GRKeg8bnMQoUvt7.vjgj.rlZKfmoAJSSeBwURahT/FIfdEit.zV.,aLy9263VaO,staff,2,active,2018-05-14 11:51:37,2018-05-14 11:51:37
176,0febc827bcf65e097f75b483fa654ff9,Liana,Kreiger,nora70@example.org,,,$2y$10$NJPGWEClGscq1o9zi/p//.Rxu/chxFC38ywvf9GkEiC1NXq8LxL92,kLNBKg8qd3,staff,2,active,2018-05-14 11:51:38,2018-05-14 11:51:38
177,b194fc9216c0b3bef10371c3695ff8f8,Kayleigh,Howell,sharvey@example.com,,,$2y$10$4YzVN0VFVUdbMKsewUYf3.QpiIt83dcE2GPHz2nl5mEj3JsMF0KRm,jZlu1IZQDR,user,4,pending,2018-05-14 11:51:38,2018-05-14 11:51:38
178,b14e10a18fbafa6f1f938d51eb69cd39,Martin,Doyle,gudrun.gottlieb@example.org,,,$2y$10$V575gVMcJN415xEyxUlX2.H5fjp5D1TemX4FUDCaX09DhEzons0.a,TQyxQ8Drmu,user,4,active,2018-05-14 11:51:38,2018-05-14 11:51:38
179,cc78de37cb81150746791612d0a6c9b0,Adrien,Towne,joy.johns@example.com,,,$2y$10$a501uAHBdw4qLaQ3buYPG.fHFVlE8aPN7AgXgJKY9K.N8uwIRCXyS,hFUiMxxc5W,staff,1,active,2018-05-14 11:51:38,2018-05-14 11:51:38
180,f2e5a2e8ed69044acf6d5a776af4ec2c,Thelma,Torp,celine.considine@example.com,,,$2y$10$gmZKgV8Wk/w0Z2AyRGX7PO70KEssv2TnHBo8pGk/Pe.sY31GVuQ5m,mZaqcVZjjp,staff,1,pending,2018-05-14 11:51:38,2018-05-14 11:51:38
181,c1c79f1404614682ad98fbb6e21524c4,Assunta,Hamill,lruecker@example.com,,,$2y$10$HbWusDRaFHbSHrwr5ImArO2vhAkhEZ.RgExc8zNBpyT0Swg6NnLz2,vy32TZEePK,user,0,active,2018-05-14 11:51:39,2018-05-14 11:51:39
182,1618662ea4f6a594ff6d8974bcc1f0bc,Wilma,Wiza,ada.zemlak@example.net,,,$2y$10$yX/7uJI7LX7QFfu1m6l54.yi.8RFH4yQRcNvduxn0E6gv8fai7PMW,RJ7iVKtqx6,staff,4,active,2018-05-14 11:51:39,2018-05-14 11:51:39
183,431c0dae19eec491ed27f81d007c7a12,Anika,Hamill,kveum@example.net,,,$2y$10$0Pj8SMk6ugyzOQQtFVpO3uzF9fhBvZ1vJQTJhtINDOFTRETj1DCKe,7Dx5iA8T6d,staff,3,pending,2018-05-14 11:51:39,2018-05-14 11:51:39
184,c5cc2b53a91e038cfe7f1108e800091a,Terrance,Jast,adelbert.pfeffer@example.com,,,$2y$10$jDT.xNZEWC2DS/U6EOhxWe/H7HO.LC.4ZmxFYsO2Eb2E6fjUQlbUu,HD2hikPG75,user,1,active,2018-05-14 11:51:39,2018-05-14 11:51:39
185,99ee9c48842b7b0f21719cd26a6eef3b,Ansley,Wisozk,swaniawski.lisa@example.org,,,$2y$10$wfWmEWzfu2oYGZIptQXmme35Kl84bN719qVxpsmuJGJbCgkaDoOGm,CSgcOCcU1X,user,4,active,2018-05-14 11:51:39,2018-05-14 11:51:39
186,b10c0f1661137a8b4b81f62e65a54d8d,Lewis,Littel,cassin.mollie@example.net,,,$2y$10$63iBlT3W1iL95XMX3SxeD.yPvP5bfMiDDtbPD4W9JifipQUM9qdne,xFabEbvgsO,staff,2,active,2018-05-14 11:51:39,2018-05-14 11:51:39
187,44171560b308c1b5b6e2f43ec7e62e12,Akeem,Yundt,alden25@example.org,,,$2y$10$JXesW6PCEknOkXkJFpDKYO8KYKoUn.GSELu/5naDxkLoQYv3i7X9O,pVcwPn8bLl,staff,3,pending,2018-05-14 11:51:40,2018-05-14 11:51:40
188,038f2b4b1927347455a7d34de7758557,Wanda,O'Kon,janice04@example.net,,,$2y$10$m8pxG5zrMYn6x0SQvpTpN.INgFo1Ah/lbHCm2wHrfwWpdxtKBvw1S,XC2ikYh5LN,user,3,pending,2018-05-14 11:51:40,2018-05-14 11:51:40
189,803d6ef2be2ba55b710b376ba03f0514,Joanny,Howell,hilton.hilll@example.com,,,$2y$10$xP6p1hHe7qad5Of9xErJs.djEBImT/gbHLP9QdgIn8z1XS.aXMZ6S,RlzDnCI6N1,staff,0,active,2018-05-14 11:51:40,2018-05-14 11:51:40
190,a6adff04cc91e0203f56281ef14950e6,Newell,Schroeder,cathy04@example.com,,,$2y$10$.3EW.NkR/61ShiuDX2l9XuzytPnMhmNpRG5VwdupxkQy9/GrxIUZ6,001vnRYKsx,staff,2,active,2018-05-14 11:51:40,2018-05-14 11:51:40
191,37d0f342fd81dd0a9e1ea2e1180dcb5e,Cody,Durgan,gislason.jaunita@example.com,,,$2y$10$ID5KoRjB9SlgkYpJGuLZlu/ySXZTb3Yu0b1zJnEYhPk0GzkdgM.c2,wqBoMNVHwC,user,0,pending,2018-05-14 11:51:40,2018-05-14 11:51:40
192,57716b27be0e4ad05bdd4322bfa03b4b,Hal,Quigley,rosemarie84@example.com,,,$2y$10$LtwhiephUIsEC3L0d.6h0eHEknmM5yvTVfDwHBvYkFmZFs21dqA2G,jnb8kigfS8,staff,3,pending,2018-05-14 11:51:41,2018-05-14 11:51:41
193,03d41eb4adbbc82b30a09f10d1cab776,Lera,Fahey,davis.laurel@example.org,,,$2y$10$7ld3IfDzkSsc34Fru9DJ5estqY4KkrWk.V3Ctkmm0tNofDWrvP3BO,DtIpbAXgAE,user,3,active,2018-05-14 11:51:41,2018-05-14 11:51:41
194,5dc42374b4966775d91a0463ad5362ce,Tevin,Hills,jaeden.herzog@example.net,,,$2y$10$0M2gd5ExqBD3IlrWISn7aeePNUQa1ylQX2dDamgCFFOHrunIKPB3i,qFOx0bpzDJ,user,0,pending,2018-05-14 11:51:41,2018-05-14 11:51:41
195,ffdbdcc741ef1e154e2c670553a6a587,Katlyn,Swift,richard.hagenes@example.net,,,$2y$10$e2YoSvjAkotHt9HuQPviA.G//DGxSLX0/0BRQsdCioqAnaOwzM1wS,eIgfrZ2kL1,user,1,pending,2018-05-14 11:51:41,2018-05-14 11:51:41
196,4530a2bfd597b0e5f88ef5585550c067,Naomie,Purdy,zboncak.chad@example.net,,,$2y$10$vGddOR0QWrqx.nsnJiIt3O3rpMI3HZ4PA4GSvASTxQnk13O/92PlG,LhPGrsll4B,staff,4,active,2018-05-14 11:51:41,2018-05-14 11:51:41
197,49f4367b9004c8682d03b8ee4fa2161d,Aubrey,Haag,jena15@example.net,,,$2y$10$cBkC7NLHqdbK8eJF.rmli.N8gSQFBeyPIEm4GG3aIV.EcQa3LZFtm,HgKfkjixEN,staff,2,active,2018-05-14 11:51:41,2018-05-14 11:51:41
198,3a3205d4d327ea6c68706f403cb1fa2e,Leon,Trantow,mzieme@example.net,,,$2y$10$dINEFPwjkUzaeq7c.EIhEOPYW0hyi77KZ3qKLtCk/b5dlFQ0.YMG.,UMnKYABLYd,staff,0,pending,2018-05-14 11:51:42,2018-05-14 11:51:42
199,39bb0a6c00c9b73e304ca26245ed902e,Tyshawn,Ernser,ptorp@example.com,,,$2y$10$lx4t080HnxVbMIyMV1rMee7ka7u4SD/PkktkwKbGOn.PPybryZ6Kq,rWy29TZJiV,user,4,pending,2018-05-14 11:51:42,2018-05-14 11:51:42
200,6bba0df78e9b122351089255b68bf609,Lelia,Stamm,bertrand.heaney@example.org,,,$2y$10$/IELdm6tXuIcdi4TgoJ4AegQRDEB14gmKpmIAioM.ZPzNuahSUcPC,MIEkXByXbG,staff,0,pending,2018-05-14 11:51:42,2018-05-14 11:51:42
201,90f66a1e132731a62e4fd166ffaccd9c,Lambert,Kub,handerson@example.com,,,$2y$10$8kE/X3kz9YYDjeSLiBJwHuT1KLnubdPsaoopb.pr3gprQJOWTJf9i,LopynJtMOQ,user,1,pending,2018-05-14 11:51:42,2018-05-14 11:51:42
202,e185c5b8b4f0c24b4f7569795ee37875,Ernest,Larson,karley56@example.net,,,$2y$10$McBK5xbQwESsijYoFrGLjuoqBVOlcjS9G0bn3xtC7eVQ2IjVGwQPG,JpShGl3mkh,user,2,pending,2018-05-14 11:51:42,2018-05-14 11:51:42
203,991ec973c661bc44fb6b1764cc582128,Rae,Klein,quigley.vada@example.net,,,$2y$10$WlRrjv51Tw2D5npkC24Mx.1Qo1irjFrOXJ/ZFly9N36nCRegaS73C,DCU9ighZwl,staff,1,active,2018-05-14 11:51:42,2018-05-14 11:51:42
204,b33107b4b9aa56e400c4bead1d835f6b,Carrie,Franecki,eda75@example.net,,,$2y$10$GD24bEjaAck4slhcs0ZVQuQ6Tm.MW811xAEe78gHlrW0jKRH8H52C,9uoz57RrAj,staff,2,active,2018-05-14 11:51:43,2018-05-14 11:51:43
205,c7a9adfaa311268ad8f301211fcba09d,Tillman,Yundt,jermaine.moore@example.net,,,$2y$10$doR9v0/4YV1IVvEL2jzpDeXzBRRtqRur/ONpNJNMOUfaWSIEVBitG,zUgXZdejnZ,user,2,pending,2018-05-14 11:51:43,2018-05-14 11:51:43
206,b2c40007926a9fab1c65f95bf86c7694,Lillie,Hilpert,lynch.archibald@example.org,,,$2y$10$4lXTd9wQJJcAH69tFOq6s.Kci2VY5oI3WNUd7mnu81TN0sKtjg3km,e2Ffa3uIVX,user,4,active,2018-05-14 11:51:43,2018-05-14 11:51:43
207,4c9cbb4f4cacfc1cfde503369ea521e3,Taylor,Crona,garry.cormier@example.org,,,$2y$10$ZmeMXocJOSBtAsGb2MT5CuYOkdcNOxwF0BxGSLLHxM8pUZAJWG0H2,Mq6J5UG4LI,user,4,pending,2018-05-14 11:51:43,2018-05-14 11:51:43
208,5fc95747b49f904da45aad6d2384e0c0,Randal,Schimmel,tkuhlman@example.com,,,$2y$10$xRQA06Up.L9Gyrv51/lgE.SGN9AV2NIKgO4zaYbzJv/7kVvO/r5Ca,ZOfkpiGFkJ,user,3,active,2018-05-14 11:51:43,2018-05-14 11:51:43
209,b6e245c01a56666a7464c589cc45a945,Ollie,Johnston,kuhic.enrique@example.org,,,$2y$10$zutF9J8nFFUXTbttj1Xsu.KKdWEAQeLMhgWwu3YhLkGv57hQvKA3W,SZxxVddy8C,staff,2,active,2018-05-14 11:51:43,2018-05-14 11:51:43
210,6e0f851bc98e76f8e65f28ebf89f2c71,Margot,Deckow,elvie.wiza@example.net,,,$2y$10$DvCjT5Oqp1eKFP03k7uEguxXbTmOOTvz16FruLCLggMhDSh539SMe,wdfwyiYOUn,staff,2,active,2018-05-14 11:51:44,2018-05-14 11:51:44
211,a085f01b3d9ea057557eb02fda05c2f1,Loyce,Jacobs,stark.daija@example.com,,,$2y$10$55kbtQ6mKuBHar5Y0.Qzk.VGLwygNaqKNapU/upJ67hjSYzCKxYlm,zJoIYyfCOQ,user,2,pending,2018-05-14 11:51:44,2018-05-14 11:51:44
212,401576f24cb0415e5b2a6e5b354c2f24,Roger,Prosacco,carey82@example.net,,,$2y$10$/mXxayHvPIP3YwRiwKJAROkoBusEQvIh2axMUKLOKMGEqqhraZfLG,GqVNHSkLPF,staff,3,active,2018-05-14 11:51:44,2018-05-14 11:51:44
213,4debbac4e53d7ebe4bf8590153300ac7,Emely,Dooley,mervin.hammes@example.net,,,$2y$10$iV9zeH5V0NRt.qisutXDsuAaV3HfR8ajxXo/1364vTSreMMgC6ymG,0LHY67Voxb,user,4,pending,2018-05-14 11:51:44,2018-05-14 11:51:44
214,a34986521044018d1c6f440bf2a791f8,Abe,Shanahan,dtremblay@example.net,,,$2y$10$vpauA48U/yoJJdWINYXCme8aY7jchmP.p9fL.7z8LQVxijgHqr5Fu,gOwBTozj1P,staff,1,active,2018-05-14 11:51:44,2018-05-14 11:51:44
215,1c9041dea1517effeee2561e2701d378,Armand,Beatty,rosie70@example.org,,,$2y$10$34JPFcKmY0QFVDyxjNP1aOxuUeIfG6aDfzJAPWE9pYFVVajsTvXnG,XrXU3PYcm5,staff,0,active,2018-05-14 11:51:45,2018-05-14 11:51:45
216,6cf02d762e9e4843b54e14b5b4937595,Betsy,Lynch,legros.jasen@example.org,,,$2y$10$bUmyd6JFmxMfDRs5eGGXC.x2UGMOUZo6PEMkIVDfANAx6rkYjlg..,zDOQJYpM24,staff,4,pending,2018-05-14 11:51:45,2018-05-14 11:51:45
217,8fe2b3b66b177814620279b8be4ed8e0,Rebekah,Zulauf,emery22@example.net,,,$2y$10$4NFRfOZQEDG3ZTfExSK6z.gdFyLrEIV1yaRYHc0f7tvLFRffoh1Xu,LE6RwGmobC,user,2,active,2018-05-14 11:51:45,2018-05-14 11:51:45
218,0a4fcd562a50b456e0632f09f8a5239c,Elouise,Feeney,chet28@example.org,,,$2y$10$VaM40ismH2/8PwIZ91JgI.sN1X6qs0lB04raayPHVi0n7PblcGivG,HCah35DiYX,staff,4,active,2018-05-14 11:51:45,2018-05-14 11:51:45
219,0cf1adaf73ec7309d558764a1c87e7c2,Mandy,Schimmel,sadye46@example.net,,,$2y$10$sCRx0bFi7SDjGc6n.T5XmuEeN4zNCr4qVApuweTthgNCgbMpkIyQG,ynuC1LfQJU,user,1,active,2018-05-14 11:51:45,2018-05-14 11:51:45
220,9532e0db94906cd3d6ee0f6c868e6c31,Howard,Marks,marion.lemke@example.net,,,$2y$10$b.gymS23GK60D.hUkmm7/enQC.Kn2ToEPicsuJ9VkLYq9lzWm2ZZS,PGRUR6yEYD,staff,1,active,2018-05-14 11:51:45,2018-05-14 11:51:45
221,32dfede1bd9eb2bc35c51b7ad74f56d7,Herminio,Leuschke,heathcote.ramona@example.com,,,$2y$10$pC4QBEYBYxgQoqmUt/sA3OuhQqwcpDxUfYkwDyOwBEQqPOOGJM13y,vIJOotwk1G,staff,0,active,2018-05-14 11:51:46,2018-05-14 11:51:46
222,430f8a7213c6dc7000a8b83e3b60c5fe,Marianna,Morissette,vstamm@example.com,,,$2y$10$wOMkVbnYF8NrzXhXhcK1Au.ZF8HahAgpR.rcqb5YtViacdcnomHxa,TnigckWX2C,staff,2,active,2018-05-14 11:51:46,2018-05-14 11:51:46
223,3a3d6b648e0120c36f49c20d15c7068c,Liana,Spencer,llehner@example.com,,,$2y$10$a3Ko5tprEQwWP44xi73bhu/jgIvuBOquZL/vR9D8bX36fdUQHJZnu,P1toh5M1uY,staff,0,active,2018-05-14 11:51:46,2018-05-14 11:51:46
224,cf080ba2dfeb7f9258c9ac99574b9ea2,Kaley,Schumm,angeline72@example.net,,,$2y$10$qeh5Z3VRtPYWNJt/wcTwYOsgWDfkI..G/WhCQewLU2h9Wqgr4uZP.,tOLhQ41KNo,user,3,pending,2018-05-14 11:51:46,2018-05-14 11:51:46
225,d7f7c9eef602e31683a8c4d71ff07654,Wilton,Hahn,patricia76@example.com,,,$2y$10$L6wERQOoDT8z.Jm8fo800uhFCfb/fyH9t4h4ARlRtFep06Nop2jbi,912LBVaJlR,user,1,active,2018-05-14 11:51:46,2018-05-14 11:51:46
226,effb5297fb605b36a0ba95b528623c9d,Gilda,Goodwin,rudy05@example.net,,,$2y$10$YA9KS3JMIAUO0aHFwG.z.OcMq2sxTM.jlg6VF8mWvgt0ZdEeMbfJC,IeSeweGknk,staff,4,active,2018-05-14 11:51:47,2018-05-14 11:51:47
227,7de2ead4e61340cb74f778c85b4c98c7,Cassie,Padberg,johnson.brian@example.org,,,$2y$10$0NnZjdcDEmEtdPZDKnxbgeXQDuMwtoyHqIe7bvoyT.rfdDcbkkcJW,R35fvwoCTA,staff,0,active,2018-05-14 11:51:47,2018-05-14 11:51:47
228,4c9362b81d8ce6a7762240ccbd031195,Darrick,Tillman,maia55@example.com,,,$2y$10$mkFkhkMF5XX16Gvku8Y41.91YJpBUOy2cxGYTP4a.T0RZAIq/N1ie,1rXg5yWsjU,user,0,pending,2018-05-14 11:51:47,2018-05-14 11:51:47
229,edd8de25c1f72a9b0425fb9dcfeefe91,Addison,Maggio,henri.mraz@example.net,,,$2y$10$huGXeQ9T9wIlh3RaSojdLOVdlFrITVS94EctQ19Rn/TSOw2e9LhTy,H5uwbr8HtD,user,1,active,2018-05-14 11:51:47,2018-05-14 11:51:47
230,4036655fdeb6c7a49b516163e74c0dc9,Norene,Kub,monroe17@example.org,,,$2y$10$ZcbYJCF1NzCovNV5DF90LOW8rbrPkmNwXMmXXdyQWPgWyxU4m6Z7C,17vaEE933C,staff,2,active,2018-05-14 11:51:47,2018-05-14 11:51:47
231,83010ea507bcf08db374e6173774c89d,Rosalinda,Lakin,evert46@example.org,,,$2y$10$8RWG6Ommgyn0RwrzgdqzGOnvL1UJY.BIQUaBJSqOgSLghtxg/ILEG,D36To05P5f,user,3,pending,2018-05-14 11:51:47,2018-05-14 11:51:47
232,0d9ff0e51f1c98c9cc23c6e142a5fbb1,Lauriane,Keeling,heaven60@example.com,,,$2y$10$mm9U/WSEbu81mQqBltaQmeQRE.5w7uh9.l6CRD0zH9Mo2dYMsF60O,4gv7ynkNV3,user,4,pending,2018-05-14 11:51:48,2018-05-14 11:51:48
233,42707ef0a205caf9a186fadbc1e3701a,Bettye,Homenick,kuhlman.clifton@example.net,,,$2y$10$XZ/.qfqAMRZdWbI2FHLkYOvKdZmHTyG29MXtNmBXN5JKd0oWSinx2,PlleNJ7bUE,staff,4,active,2018-05-14 11:51:48,2018-05-14 11:51:48
234,53cea86f3358815fdf4b2035db65c66f,Travis,Murray,benny67@example.com,,,$2y$10$Hp42ssuKSrtdHCY90hvzxuOxugxInKNnKJOmIqBA3/UapVuR1FUGu,JNoinYMf72,staff,3,active,2018-05-14 11:51:48,2018-05-14 11:51:48
235,927487f29487c939970619b88993be0a,Fred,Kuphal,trycia43@example.net,,,$2y$10$N7nAGq5jz2nbAgzJibyUyet.wHZi.1nbPZYGObF5JTOng/AWflp3a,C0TbUTOZwo,staff,1,pending,2018-05-14 11:51:48,2018-05-14 11:51:48
236,700f42f8545a56ede2a7b03b5e1d6cf8,Bettie,Lakin,nlehner@example.com,,,$2y$10$EhuSGf5hPVSjRMeeJcHaBO0U.4YVvQAiGnvGCCSOlAQjNBYQq8.xy,DTwjxeFDjz,user,1,active,2018-05-14 11:51:48,2018-05-14 11:51:48
237,639a7560bb3d5a6f9b56d66f1c85ac19,Kobe,Sporer,gmuller@example.net,,,$2y$10$xIMt1xigmjJihXgPv9dalOdCEMa2tkZtBwYeH6APGg6gXDIslB7i6,VC9jR6FwAv,staff,1,pending,2018-05-14 11:51:48,2018-05-14 11:51:48
238,6eca86c13f24ce45d13de94bf9f5518d,Shaina,Bartoletti,shaina05@example.net,,,$2y$10$pcpM3kav9Twk7Mkuwtwp5.Ib5KeznbsDapm9IkT4Ccgb6c3jANd5q,vBIkByj7vU,staff,2,active,2018-05-14 11:51:49,2018-05-14 11:51:49
239,b4dc881e858ac7566657f5e96dc5809c,Meghan,Sporer,hschultz@example.com,,,$2y$10$6i5gDLLP.G.F8R31rSU1nObHLIHndRfrdhrk9GW7.WFVTKDsQPWza,wA3r7rfpWh,user,2,pending,2018-05-14 11:51:49,2018-05-14 11:51:49
240,4591f7fa4189d2bf65fd9f67128f98f8,Monica,O'Hara,hkutch@example.org,,,$2y$10$Fdg8um5izap35NA0LxUJ7O.pubjcCvCqLpdkU08.fJJNu5LL5XXJK,aIseGu0Yo5,staff,0,pending,2018-05-14 11:51:49,2018-05-14 11:51:49
241,98159d4e850f72f8a00fe5c06ccc0772,Abe,Dietrich,murazik.junius@example.net,,,$2y$10$uGqm1NdeSTk3JxwwYA8zEeFtHiwNLNt1L9ap/aYffk9LjnKu5a5pW,lAivfVvrUq,staff,0,pending,2018-05-14 11:51:49,2018-05-14 11:51:49
242,d8b9f3b9ff7a768ddca9c374c5a4ea74,Tia,O'Connell,witting.deangelo@example.net,,,$2y$10$.Xn1.OdoVCyCMuoSrjgBVuDuZzqdaQtjfWJF3g/f7QCSYry5ta.bW,ZxothaBJbG,staff,4,active,2018-05-14 11:51:49,2018-05-14 11:51:49
243,fd8aa5177c0a177ad89001dd8b205777,Faustino,Wolff,tcollins@example.net,,,$2y$10$MPgmWmJ/LubJZIN3CBH1.eJSwYHAC.2ueO8BgSKE7D6bEFAB97uaG,d6TBb7WGlF,staff,1,pending,2018-05-14 11:51:50,2018-05-14 11:51:50
244,c69fa3703fa41bcbba368dda3030498d,Dagmar,Schoen,heaney.esteban@example.org,,,$2y$10$NcT4BZuoJtlYUPUFkpmbYesYAyr844wdvyJcco35X9FYG0uQpYLwm,BMKqyz5ymE,user,1,active,2018-05-14 11:51:50,2018-05-14 11:51:50
245,4c482ad5b6a6182f0e986125a365810b,Bethany,Sipes,hyatt.lucinda@example.com,,,$2y$10$SbbgzPy4eKPRSexkouSmmO9Ao7sV5meIo/SmkLXXY.9PSqTIaxAay,AQlTXYWqpc,user,2,active,2018-05-14 11:51:50,2018-05-14 11:51:50
246,f6b755cab0be0f989c578ebc4a6d457a,Kellie,Schuster,dietrich.adeline@example.net,,,$2y$10$gac34CHFYY0vCD76XcJ0oerVtNW48Jmwo6FksF7ZCP2ksIxjz7DcW,zB1bBu8wit,user,0,pending,2018-05-14 11:51:50,2018-05-14 11:51:50
247,8a5ad86764a2bfeb69984b3991534fc1,Chelsea,Welch,ohara.hipolito@example.net,,,$2y$10$CK6c7hkI/1zqIyUhh0EG4O9tO94LpghAN1BKhYuaUFDfi6r9YbI36,KA3SWr4bE1,user,4,active,2018-05-14 11:51:50,2018-05-14 11:51:50
248,b664da27984541e572d9f6d56768fd11,Rubie,Feil,kbotsford@example.org,,,$2y$10$5LRkc5NbjUDQv.n2KkVdPebEqUh6HX6wdOD1ehtaUROR9jRKIZ7SC,KyBXjJUkg9,user,3,active,2018-05-14 11:51:50,2018-05-14 11:51:50
249,a30be39055f6275d2405d1ca7a460100,Paula,Huel,dtowne@example.net,,,$2y$10$Tpfi7.YRACn5TEAfAwhGi.5f9e.GnDfE55Cm9iR9ZLNBLkYjhUq.m,384Sl8pmzu,user,2,active,2018-05-14 11:51:51,2018-05-14 11:51:51
250,4b6ab751ccb9de64fda233f7c7187fbc,Josiah,Schaefer,melisa.stark@example.com,,,$2y$10$fdJoW2Jg.IOotC7jK3jfX.dOrgjXhtwhXmEPiuacB3W5tStks55Hm,XplepPjIKT,staff,4,active,2018-05-14 11:51:51,2018-05-14 11:51:51
251,73db088307f924ea4a4ab0d74f2c808b,Arnulfo,Larkin,vonrueden.verlie@example.org,,,$2y$10$2qW3D.LH0822ru6iiHcTSe0SxEcj8Yl9gEEeB9100WVdHzmX532R6,pFSXzve6Kd,user,0,active,2018-05-14 11:51:51,2018-05-14 11:51:51
252,cc891ebb1df56511b39cc16066a1075e,Geoffrey,Welch,lang.jordyn@example.net,,,$2y$10$Uy1adFCM9CS8uuEjlq6qOuhRPfRi7s/ct.tMwBCwzEudA5r3yd966,Gkj3dd3VHz,staff,4,pending,2018-05-14 11:51:51,2018-05-14 11:51:51
253,f71e0e291404405257a27884989cb974,Clifford,Reichel,katelin.mosciski@example.org,,,$2y$10$i1BOjBtzM0RuZyX1U9G.c.JNEqKJBzCmp8bT5JOa7gLiZgO5TP/WK,IPGyExfnLJ,staff,3,active,2018-05-14 11:51:51,2018-05-14 11:51:51
254,29be5b2e2687cd53610cd5e9dfe55a50,Gerhard,Goodwin,lmurazik@example.net,,,$2y$10$7LG1GZCQq0/Hrsk12/nj9eWzr5cCF14MbTCyww5UjgzltDq.oCztm,RJELmafaR8,staff,3,pending,2018-05-14 11:51:51,2018-05-14 11:51:51
255,205ef921dde481137352aa5a6a43efa0,Marcus,Murphy,john.robel@example.com,,,$2y$10$CpWrPzCfDNaaDN7r4JtZXegFdzFo8unDtmr97mQ.uYmD4eWmc4psC,bjJO63G0gN,user,0,active,2018-05-14 11:51:52,2018-05-14 11:51:52
256,04476a49a2355761a264912f10f9f5f4,Albertha,McClure,crist.tyrell@example.org,,,$2y$10$hfcjeO/Y./nVjYwea9M/EeO.iLvog8JRphYxaIDvSOK7Gi3SGbDya,Nl22hYmQdY,user,4,pending,2018-05-14 11:51:52,2018-05-14 11:51:52
257,3cd6b649ce8c1eaf170068ddd2286298,Jed,Wiegand,arturo.reinger@example.org,,,$2y$10$6N7Gqy1fx8CGBZKpPfW/n.hfF7CHsFf7vFl4HQhqmNiVRjSuMQ7E6,umpmyfnrcj,staff,0,pending,2018-05-14 11:51:52,2018-05-14 11:51:52
258,f30d647767c9146e4a859315233b1c6b,Dortha,Nitzsche,qmayert@example.net,,,$2y$10$nxhuNba1o7tCtwmNBjn.CuzHarlp6kWSqtyG0YPfeFu3vWDOSBJLi,nbuD84L6x6,staff,0,pending,2018-05-14 11:51:52,2018-05-14 11:51:52
259,e167697f3989e13bfb2c5c39bda17c5d,Everett,Stehr,abeer@example.com,,,$2y$10$byFTW/e9nT8UOeRLx61vue7Qb2aBOo88hJ0SA2rATicSFUfLiIe2i,UkRXk2rwxd,staff,1,active,2018-05-14 11:51:52,2018-05-14 11:51:52
260,b58d3091227e8550b2236721b1ca01be,Santos,Legros,guy.leuschke@example.net,,,$2y$10$9hCX.OW9doAQvxKfIjQgaOEZ0eYpDqpUro19fKNoCITpB5afyhjda,xnPmkFxjlK,staff,4,active,2018-05-14 11:51:52,2018-05-14 11:51:52
261,1a91c96abb248bbb8f0de4e4ed4106f6,Felipe,Rau,april.watsica@example.net,,,$2y$10$3HeYJEdCUvNvLu/a8ufC7.XgYhymOJ4VURZJ1rXCHFqJUdJZImSbS,c98hqwcA0U,user,3,active,2018-05-14 11:51:53,2018-05-14 11:51:53
262,6134619b5399dd7c35df4bedb1bb18fe,Rigoberto,Witting,ahauck@example.net,,,$2y$10$8MTxghcSf.o0/c4G5vYyt.UXMlToNwosQchDZjBOZ1WIaIigXz0e2,Nk3VzW478L,staff,4,active,2018-05-14 11:51:53,2018-05-14 11:51:53
263,b8cb12176517be934f78d91001540d66,Cesar,Watsica,lila48@example.com,,,$2y$10$4tMGE/gYeEE63HPnvUonCeatLHlsoonMJUvD/xuh.nyTh5722upSq,Hk13MLFfQp,staff,0,pending,2018-05-14 11:51:53,2018-05-14 11:51:53
264,9b24a1f960bbedc7d27946b5a3dadef7,Guiseppe,Legros,blaze.schmeler@example.com,,,$2y$10$hJma/oN4p44QLmtRpq6IMuMqMi.YqyiwsEdaQUORJWeiCXtAcJlLG,1fYW9st2i6,user,0,active,2018-05-14 11:51:53,2018-05-14 11:51:53
265,be02d1fa972e139865d75abf0d25f947,Brady,Ward,angelina61@example.com,,,$2y$10$SV8Uxbd2n6KtAVvHSZtOQuXIuHRZizcfUUIb5bWJ9m6RCT9QG1FZ.,uDQtwQN7Ci,staff,3,active,2018-05-14 11:51:53,2018-05-14 11:51:53
266,fb69bcd0bbe82e8dc2068d5aff6e0923,Kristin,Turcotte,ned.bogan@example.net,,,$2y$10$micA.G1ROCAvo/hJ.C2W7.p3FfcwYGMM4jMlAlqZEaO16272pQ7ei,Y5vbbeRIjQ,user,4,pending,2018-05-14 11:51:53,2018-05-14 11:51:53
267,bec49a564d5a24c07979d81f2a7082ee,Sabryna,Howe,quigley.freddie@example.net,,,$2y$10$dZDsJMjFM.fgaXXjCVsSjuk3y65S.iW8JWQbavFqNls8lvtNwUCBi,ECqZeqFRbh,user,1,active,2018-05-14 11:51:54,2018-05-14 11:51:54
268,56923b63e52b10fd7ab2a7ea8434c213,Gaetano,Turcotte,stoltenberg.moises@example.net,,,$2y$10$Q6bbyNIZCTGvl3hSUorFce4sD.i7ROOx4ysZAu7AYvIAJYYKWnv3W,fjI6HqPsSq,staff,3,pending,2018-05-14 11:51:54,2018-05-14 11:51:54
269,16e931a4f585bcf8a445183db6ed5325,Kenneth,Kuhn,kellie23@example.org,,,$2y$10$LPHtCvtAwt8MNzUQ/jda/ug/h6ctVG3cpl5O6M0QrZTh3Fyl88Ncq,5dexsUXrop,staff,3,pending,2018-05-14 11:51:54,2018-05-14 11:51:54
270,d2e7419c6204621b41e7314bb8f59be4,Ashton,Gibson,legros.zakary@example.org,,,$2y$10$.QLb0oKsVjHcQruD/Wda4.x6d2P8L97fvrDkoruVLVQ8aksliM.3q,omvSEemB90,user,0,pending,2018-05-14 11:51:54,2018-05-14 11:51:54
271,5cfdc176da230818583573ce726e970c,Leann,Bogan,steuber.mittie@example.com,,,$2y$10$mgad0Eu0D5DALwCkJKQvA./F.DDD/vShVQoEdJFVdQN5vTBkRSaUa,KlVPgyGUWh,staff,0,pending,2018-05-14 11:51:54,2018-05-14 11:51:54
272,7e539aba23068f4eb88b03af48db2678,Chet,Kuhic,ratke.kane@example.org,,,$2y$10$onyhLryP4taukZFuZduheOpML2mmTbvYWMWpiFYq7Ru4G1ZiPf8aG,vWEDiIalSQ,user,0,pending,2018-05-14 11:51:55,2018-05-14 11:51:55
273,a0f54098d2d57cca56eac4abc7118f5c,Lisandro,Macejkovic,dylan04@example.com,,,$2y$10$h1ZuXjZRvKuad7EXyV4hN.55aG3tBTne8iTAslsbn8Jr62cHX64ba,k3m9hgju62,staff,0,active,2018-05-14 11:51:55,2018-05-14 11:51:55
274,05489a0fe155138c9ba38aeb51a73ea0,Colby,Farrell,zulauf.lavinia@example.org,,,$2y$10$jfJLM7HXeY9C4il0zjrfzOxAjIvDn1Ce59739VzJgU2K5VvvxPH5e,liU579y7dW,user,2,pending,2018-05-14 11:51:55,2018-05-14 11:51:55
275,471655c8364e0c7c4cd4aed31e4b073a,Martina,Walsh,spencer.yazmin@example.com,,,$2y$10$FI3Gby6upiiavNZBLtXnHesYJE.NjJVKzjLOzkohQfvTfDiqjRBcy,1R0m7TTLfa,user,4,active,2018-05-14 11:51:55,2018-05-14 11:51:55
276,ad386219592656060aff6dc9da05ceeb,Brannon,Rice,ariane05@example.net,,,$2y$10$jG4asdUTa8EiKtVgiGP7Be57Iv1AqyDpt4FrTSp55BRNGBSPO/QxW,DGn88meuCK,user,2,active,2018-05-14 11:51:55,2018-05-14 11:51:55
277,27c7579d792cf6aed2fc1a4bdc75317c,Myriam,Bednar,rahsaan21@example.org,,,$2y$10$TbYboAHaNb2nsGCzUrvVGeHsO8vuPEDABbQLZN6CGave3zfwIRY9e,ybpZt6jTkR,staff,3,active,2018-05-14 11:51:55,2018-05-14 11:51:55
278,2278649afe70f2fee923d52174e13fcd,Kailee,Littel,martina.skiles@example.org,,,$2y$10$UNoymETvhKoHP0XA1DcPVeBbmwORSJaunuokrpzao5Vr1zIWOQAV.,aonmw6Iu7u,staff,4,active,2018-05-14 11:51:56,2018-05-14 11:51:56
279,07a5c0f1d0eda36b008415484cc66b1c,Gardner,Kub,nitzsche.alford@example.net,,,$2y$10$sLCQTw8SoqPVRnED1t5MPO.h2LIUnmdbq4U1RTU0LIWXmdboyD0Sy,UkEF7sH4QQ,user,1,active,2018-05-14 11:51:56,2018-05-14 11:51:56
280,43d014e46b1530261c85bbeaac52f81b,Stella,Okuneva,brennan24@example.net,,,$2y$10$jqYQGVyMSd3OXWiHtcmfxuP.ZuZ/bh6xLvgmQ6xg21LhRxgeJ35fi,Pp5RahPfWY,staff,1,active,2018-05-14 11:51:56,2018-05-14 11:51:56
281,62c0353a49d3e23e01b9956ec1b1f097,Tamia,Goldner,udibbert@example.com,,,$2y$10$ZZn8qObJtMO3/WTUTyFOr..7yueV0XJGYwwFgv4BlkCzkTjQ/lbza,9XTra0otVK,user,2,active,2018-05-14 11:51:56,2018-05-14 11:51:56
282,4640072c7e313228082b7880f01a1190,Dora,Schroeder,selina64@example.org,,,$2y$10$YJiebMN27tFatTTQJBBAH.nAtAwbug3zVyQcUT0AT3v5n5Tc4snEe,owhhlj0wDm,user,0,active,2018-05-14 11:51:56,2018-05-14 11:51:56
283,1de64e7526a2f18865228cdd124fc402,Dylan,O'Kon,lorena.beier@example.org,,,$2y$10$bq4UslCMAadU5l18pUCoue0Amqw4wj2YR8.icbW26/F/VfF45Q3oG,7gmZLmZ3eP,user,1,pending,2018-05-14 11:51:56,2018-05-14 11:51:56
284,4b7f7a46b3b75cbdf4a53b7200b1569d,Dawn,Connelly,weimann.lexie@example.com,,,$2y$10$mSwBHS4BurvI62o7MrdrGedtS2JvqpgiD9WItZo3/m356dV.mriX.,jtZNtwdtf2,user,0,active,2018-05-14 11:51:57,2018-05-14 11:51:57
285,c048e5dc95f22483e7496b3210957bdb,Lelia,Emmerich,fhermann@example.org,,,$2y$10$5cKFdA.M6rSiCEzQtghYbO123AirAgzUomXGeCsGoBWX11LNi4RLS,5GsEEtm21V,staff,0,pending,2018-05-14 11:51:57,2018-05-14 11:51:57
286,5c24af099810e9cd7a8a77a300f4cc44,Nikko,Rippin,yasmeen.streich@example.net,,,$2y$10$Irv1ZZKjQ81S.aD.JLuoYOYdcKX7AqkOBD8.VuyF6qblzaqolJxoG,zqRAscqhP9,user,2,active,2018-05-14 11:51:57,2018-05-14 11:51:57
287,d4f6dd997047faee3cfe17ff55c78c26,Einar,Ullrich,gusikowski.howard@example.com,,,$2y$10$0aIxbh9xLNfYzND3w4bwU.XbFSzdl1qcx1sNg1wPjS7OT.9Ju0sNG,WT8mFE2vkh,user,2,pending,2018-05-14 11:51:57,2018-05-14 11:51:57
288,e11319f186ce09708fbcb36963a28001,Milo,Hyatt,danyka38@example.net,,,$2y$10$rpXNH4yL28XF0Rf4rPgOz.79Hqs.swDxnyhkDi3bHM0tRZAIWi6U6,wNJwECdASB,staff,0,active,2018-05-14 11:51:57,2018-05-14 11:51:57
289,0b47cececf32cdb94b570152106ae711,Shanny,Keeling,nkerluke@example.com,,,$2y$10$UTcf3ikDBJ2RvcyctDk2iezOGMM7cAPe0dqs5cC//y1m3JdaEk7TG,72yfwlmfPA,user,0,pending,2018-05-14 11:51:58,2018-05-14 11:51:58
290,c8ece56489c0a0d34e1ab3b5c535f22d,Roberto,Deckow,milo46@example.com,,,$2y$10$ublAjumniZQjSq.LdG1DQuwuWhBcfuefwnSQaj8fqM.b/EkWAaX8.,xWwJHaVKcD,user,2,active,2018-05-14 11:51:58,2018-05-14 11:51:58
291,eb3723fe1c3e8748810db27eacfee520,Nina,Marvin,sydni.runolfsdottir@example.com,,,$2y$10$Rek49uvUi2SWWYFVMTyD0.ry1jm71M2OqltRk9R2AUqI1DraIfUfq,CZgxCW0tyz,staff,3,active,2018-05-14 11:51:58,2018-05-14 11:51:58
292,c041d07ccf4c0407554cd3fc86ab98d9,Lambert,Parker,millie02@example.com,,,$2y$10$Uu2hFuyYjaLpSkGo7FoZpeCblsO2LvUYux03JOCmZm9bq/ulm6zUC,aoSi1td4Ii,user,1,active,2018-05-14 11:51:58,2018-05-14 11:51:58
293,dd3608d4cd71ed30489f78815ac127db,Julien,Jakubowski,zoila52@example.org,,,$2y$10$s0TR0CPDSZ3xWbcbFwVfnOrKt9iOzlUV42LRQA8EYHbw4XMEqS2Yu,gpDA3VKUDw,staff,0,pending,2018-05-14 11:51:58,2018-05-14 11:51:58
294,ef97fb1dbc462b0dcd301296d897273c,Darrell,Koelpin,kellen77@example.net,,,$2y$10$jCWdpuKy9HwAgBduNPaGMe0pXay4ZvEp0unU/zMCpHvmkXhqm4L4m,HmfJ5vI2Fs,staff,3,active,2018-05-14 11:51:58,2018-05-14 11:51:58
295,952ef0dfc9a5655d93c835cf172cf207,Ike,Morissette,chandler92@example.org,,,$2y$10$X.M6hyBNk2PM6ehn9icKEeevk/aul8FaU9ON0HI50DAbu78dpf7AG,BzwNRfIVEE,staff,1,pending,2018-05-14 11:51:59,2018-05-14 11:51:59
296,97f52b00ffd9cb4e0c8bcc80e959c0cf,Verona,Kreiger,mayra40@example.org,,,$2y$10$BcKvN/GZ0QU4stanMCRY2.xh73uzIAqUp2gAamysbeUmIGTK.yF/q,EJmq2KvTAC,staff,2,pending,2018-05-14 11:51:59,2018-05-14 11:51:59
297,9cf552e18038d798d794db994d7770e0,Wava,Maggio,isabel.pollich@example.net,,,$2y$10$dPv8QINXhadu7xjQz/JCWez8YYjhbFB91f1dUFbCq5towBbZsMEru,AzZ24xJ27X,staff,2,active,2018-05-14 11:51:59,2018-05-14 11:51:59
298,b8e5e0c385e3d7ec1049226faf8adb48,Randy,Nader,bkoch@example.com,,,$2y$10$swyTqhHvaipjKbFwE/Tr1OQ304Xp6QnFZ500kiAuI1LBeu/xGOuPK,aDZwQxf8Pp,staff,1,active,2018-05-14 11:51:59,2018-05-14 11:51:59
299,2958a9c9427533116af3feec1982d97d,Silas,Von,carley.kiehn@example.com,,,$2y$10$2JH0JzXOqkWsLaTGQ.ZikOZiX9FKLtLwNI5MvbiJBTV75p7cPAEgW,cHLQWeP8gJ,staff,3,active,2018-05-14 11:51:59,2018-05-14 11:51:59
300,cf4d2710c4537579bc8a660cb3206f26,Zander,Lebsack,koelpin.jayce@example.org,,,$2y$10$krSgal5usMnnKx8VdqGTwunE3ECBxQMbfeP4pz6XxoLHWkvBp7eBy,LpgmfX4gQ5,staff,0,active,2018-05-14 11:51:59,2018-05-14 11:51:59
301,9877f4d366ed018bbd75b4c8f936faa3,Halle,Stark,crystal.abshire@example.com,,,$2y$10$xRsPqQpOWGuX1zVsRf3nl.M3yBDZnLxPZUcnvkoS4F/7YyyBe6ZS6,Ar1WTS0JWV,staff,0,active,2018-05-14 11:52:00,2018-05-14 11:52:00
302,1a3f0836ea632e284784bcafb08790a1,Johann,Gibson,wmcglynn@example.com,,,$2y$10$RUrN1CYZUV5F9xo6qSVyfuJq9oZrn57iHfw2Eu77bVTk8r2T3qFTa,83YSByVYe9,user,3,pending,2018-05-14 11:52:00,2018-05-14 11:52:00
303,9162cd46bbfd8ac38dcbc98d59d350a0,Otha,O'Reilly,windler.freeda@example.org,,,$2y$10$KEFeGX7dhcJUdRotE.7KjutHADTi3rMumDlNjY5RcbNBxLNiZo/C2,WEFGhubJ2F,user,0,active,2018-05-14 11:52:00,2018-05-14 11:52:00
304,8526204fddbb367e99afb3382f518787,Sydnee,Nolan,ratke.kara@example.org,,,$2y$10$TR4rNkwmH74BK16GsQ5Ut.WwliB6PSxxkY48tRFLIw0fQi0TlYwua,cve0Oocojv,user,3,pending,2018-05-14 11:52:00,2018-05-14 11:52:00
305,86f1102c2cf31976b78dab57415cfb49,Weldon,Stamm,velda08@example.net,,,$2y$10$HGVqHCS5Vl2IdHfnMm6mC.u5xQZwz/ClsRQMTmUw7hURVgzizgAkW,jjBMmjGdEU,staff,4,pending,2018-05-14 11:52:00,2018-05-14 11:52:00
306,c67e932c22d28fa82785af7252e04d70,Mckayla,D'Amore,bednar.nickolas@example.net,,,$2y$10$U/6o3zZVLOmyKE3vwbMirOuGkXiXHOw1BE.Npd79ZXo1JSsDzZa/W,U074xeZeA3,user,3,active,2018-05-14 11:52:01,2018-05-14 11:52:01
307,cb76918c9eacd5b447bc4f9ec6c5d884,Wendell,Glover,pbednar@example.net,,,$2y$10$y3xohag6R4m1Id4ImCBqN.XRDHoojeksnl5VfnclXy/kQ.KwQaixW,2VaAZSCL1I,staff,4,active,2018-05-14 11:52:01,2018-05-14 11:52:01
308,51d454c34eff11e1c9b3e7176c87876d,Felipa,Langosh,modesto42@example.org,,,$2y$10$Q01TyNxmEcDr5nz1zv.un.BN12oO7qm5PEe2ivZd9Pb8xjqXxR87O,ER4Gg9ojSN,user,1,active,2018-05-14 11:52:01,2018-05-14 11:52:01
309,17178f5e7eebd8244aa6b22324396f00,Lucius,O'Conner,winona.schaden@example.com,,,$2y$10$o9awqvXTEb1OILBzUIpGW.TAC8hTAX6XdBp0inEOJuvQycSpe7BdG,vt621U75Ro,user,0,pending,2018-05-14 11:52:01,2018-05-14 11:52:01
310,1b33f791035b28576a2f66bf03900ebc,Helmer,Howe,ichamplin@example.org,,,$2y$10$0.QxVDoVOtz.AULdlcNB4.tOCnpLv4nj03pYf4M4cEjfE4SPeHP1u,HojqkwSCfB,staff,3,pending,2018-05-14 11:52:01,2018-05-14 11:52:01
311,4e6613155bcdd2dee8306c2f5692b853,Eldridge,Daugherty,ymccullough@example.org,,,$2y$10$hD83CvhU16uRnvCVLOVPkezvaLqdjj1PcPuvcC7z31K8qhuSrkv9q,yJnbGPcgZT,staff,2,pending,2018-05-14 11:52:01,2018-05-14 11:52:01
312,23411cf957aada71706b80d36884990a,Joanne,Powlowski,elizabeth.rogahn@example.net,,,$2y$10$P0AMpB.FEfkwGwyKwGrBHuvnS7tRQilN3lVYpekzs7XoIOm1vfoQK,edzX58RZCd,staff,4,active,2018-05-14 11:52:02,2018-05-14 11:52:02
313,e295a0167a1b6d6a99d4eaea486d2dff,Buster,Toy,lindsey.hayes@example.org,,,$2y$10$Y8VPR0Fz9kX7sV29lAQSLeWq8aHqHrUTfYZLiNaRs2cA3NGPPIfBK,WmsshDTI3s,staff,1,pending,2018-05-14 11:52:02,2018-05-14 11:52:02
314,7e6f7636cad3ed8c2be89c9297d83ef7,Ole,Quitzon,alfredo.hermiston@example.com,,,$2y$10$kpd1gqMAblo8oCjSuhLZgedCrcsAunzsxd87herZEKTiA8UxcI0WK,tXprNPytSg,user,2,active,2018-05-14 11:52:02,2018-05-14 11:52:02
315,51fbab4b754a8b6f38bfb79b725c05db,Brendan,Grant,jonathan84@example.com,,,$2y$10$I68ENHj8W3bLrD8s/0NDrOGI8sR00DPGE/M/i8iRP6dgeMi8er1yO,jFWPBIL2Dv,user,2,pending,2018-05-14 11:52:02,2018-05-14 11:52:02
316,875a324cc9f10327be46faaf32137e73,Matteo,Bahringer,oglover@example.net,,,$2y$10$XB3T5dXbOvPTHx7D6BKQBOXEjv1VONj/kOBVCESnSPzkA5M8YhKaS,Ls3QJlXaWJ,staff,4,pending,2018-05-14 11:52:02,2018-05-14 11:52:02
317,6edd64391abacbf7210f13af528c1c42,Clint,Shanahan,gertrude.zieme@example.net,,,$2y$10$5sQiqReBLH7Mbg8CwPcC0uhkz3.A5t62oInHsAseXcGIEXiP2YHX.,6VOXYkp3DV,user,3,pending,2018-05-14 11:52:02,2018-05-14 11:52:02
318,dd475cf2d908f91fff08a5bf4b5a790a,Emanuel,Homenick,samantha68@example.org,,,$2y$10$UNPVE8k9YK6VGd6syHGfeuRKRzyEzPEd10Bfqpwip5AZWlAaUc/mG,6zxITiHDMq,staff,4,pending,2018-05-14 11:52:03,2018-05-14 11:52:03
319,63e85561f60a86f675c3801b0b75f530,Shaun,Lang,pedro16@example.net,,,$2y$10$fFDHwMnUy2A4LJ0cXHkCleWeJLhpXQbPRf9RJZelYT3FS0zhkUI.y,68jQyuzic5,user,4,pending,2018-05-14 11:52:03,2018-05-14 11:52:03
320,0c790d09ae4ecc7df35a3d347de95813,Cassandre,Hessel,gblock@example.com,,,$2y$10$2kkDEOrJiRXZKYw8dYTRW.ty43crEe2ZRWAd6MekxrV/bKYtGPvA6,r917AqvsEe,user,1,active,2018-05-14 11:52:03,2018-05-14 11:52:03
321,713908698cdf167f7385e7c3edf52812,Troy,Howell,mblanda@example.org,,,$2y$10$Fhb8yoeXSHoK9ZTczY7R7.KKHYT5F8kjLzMT.2yctM2LoSVm.Q5By,7TaYPMQcJF,staff,2,active,2018-05-14 11:52:03,2018-05-14 11:52:03
322,61a0818fbf0fdf37f183bbe0426b9d82,Jeanne,Moen,goldner.garrett@example.com,,,$2y$10$mjasPSnU.qHkSTiCp23oj.3uKh9Nwhxw58xSDL1InFySvMq8LK9Ka,Q6LuyZcVqF,staff,4,active,2018-05-14 11:52:03,2018-05-14 11:52:03
323,64282d7928bbd834df7a397cbf148d81,Karson,Williamson,kunze.guillermo@example.org,,,$2y$10$ZLH/Y4ue90B8kn7eSPRGZOQ.jsHzB8G5F6NXkTOC0l6dlt./R5BG.,6TOjuQT8ee,user,4,pending,2018-05-14 11:52:04,2018-05-14 11:52:04
324,b673042bd7ef620b674babcf82916763,Rosalind,Maggio,brooks.mraz@example.net,,,$2y$10$sdVJmYFVQ54Bp5qCCaGbf.DLGVm/RvmOZfEqbuF4vk.wPnlJ.47Ga,Osx9f9XuF7,user,0,pending,2018-05-14 11:52:04,2018-05-14 11:52:04
325,0a50e86bb5acadabc6396cbb0cca9646,Ari,Walsh,fae.johnson@example.com,,,$2y$10$WhIEAWULcsxdc3WFhZU7oudfKLR6BbY7dmMceE6aH7perVWcx5oUq,WtuIr2NsHL,staff,0,active,2018-05-14 11:52:04,2018-05-14 11:52:04
326,676ae99342bd917b1eb078a6c33bf138,Cassie,Pfannerstill,paige.schuppe@example.org,,,$2y$10$cwKSyme1G7N2uissGAmEDebEoCG55KiIa.a5swfakrOgI74rvqNKi,Z7aLsQfkm6,user,3,pending,2018-05-14 11:52:04,2018-05-14 11:52:04
327,b445b1e82a60d5598831b0f2fd758efd,Brennan,Romaguera,alehner@example.net,,,$2y$10$VNjrLBcRZ17WOne/lNXcEeOyjZl4EwgoZkdCIsdQHmPCSzkOYfQQi,v1zMKQdSdv,staff,3,pending,2018-05-14 11:52:04,2018-05-14 11:52:04
328,3bdcb8c02049caee7de80e5522572f1c,Kylie,Dicki,thiel.godfrey@example.com,,,$2y$10$kH37ffXlQITx/c3SXdwd1uXnwe9K23Q4TKApOEk/u7K/HauQ2MSh6,JnYvPnUlaP,user,4,active,2018-05-14 11:52:05,2018-05-14 11:52:05
329,e8c3d6656a3a362c38bc56f2bc936e00,Rene,Stamm,doyle.roscoe@example.com,,,$2y$10$1b/vge9JuHA6kS18NGDAF.VFIdmf3g512jK4DhDBcbYNZus5OmNvK,bkIflN9hpk,user,4,pending,2018-05-14 11:52:05,2018-05-14 11:52:05
330,f18e1fb99a29d25e685e53e03937cfff,Mabel,Jakubowski,brussel@example.net,,,$2y$10$L.ek79Stwh7wF8eOrkF8jOJe0OoK97wtqjrIyCnacnvS.A6rKad2K,SzX85bOH2L,user,0,pending,2018-05-14 11:52:05,2018-05-14 11:52:05
331,066021bdf5a2cf8b1376967791a4fa03,Aileen,Lakin,estell32@example.org,,,$2y$10$J2taER8OEgRmo8K2vbPf8.7ooLL78mdZd1OAwTrp3vLCtTEZvmkFG,GorU183u8w,staff,3,active,2018-05-14 11:52:05,2018-05-14 11:52:05
332,d79f4abe61c382d3163df21e1678ba3a,Darlene,Smith,rosenbaum.brett@example.com,,,$2y$10$J6QoPsE0Lu41W4bd6V/Eo.1KAQOvhDQoPlE31d9j89OcrrAMzikM.,H0tHKsA0yf,staff,0,active,2018-05-14 11:52:05,2018-05-14 11:52:05
333,efb0d0be8d65823b199bbe10708ac62a,Titus,Pollich,johns.breanne@example.com,,,$2y$10$S50x4eA.pUKqLZjK6CIMee2dk3CWQyK8jcxovh8bAEW7kmWosG.n6,TJikEuAaKT,staff,0,active,2018-05-14 11:52:05,2018-05-14 11:52:05
334,44c2ec65526d10bbf62483bc5e482574,Dax,Funk,shaylee15@example.com,,,$2y$10$G4p3ZUs9XcID.eFMzLctauHwoli5a.h0BRDJjU8fpZ0lAsHaC2kLO,x8V68G7KEu,staff,4,active,2018-05-14 11:52:06,2018-05-14 11:52:06
335,421928ef09d544fac88229d8dacda965,Donavon,Stehr,lubowitz.lenny@example.com,,,$2y$10$t7DBA57FaEFdx4zx7B2NZO50zLpKOVxZOTOku/kRWCqPuwMUJlaVu,mcJImN8BE9,staff,0,pending,2018-05-14 11:52:06,2018-05-14 11:52:06
336,54dd52c27aa9f95f3747ede96457eca2,Lenna,Haag,vaughn44@example.net,,,$2y$10$srZSSMvkoinLRvNE/Yi4i.IXyzBOyvGFYJNcyL87mhveHQffmvJCO,JbZwySwrnt,staff,3,pending,2018-05-14 11:52:06,2018-05-14 11:52:06
337,dc75d15b774375de883420f13c35abe7,Sophie,Schinner,lkessler@example.com,,,$2y$10$WYhwjpcuhOzhPt3d7lPd0O0Vv92hRheyLxWuEM4glN5sXJEEKtaA2,LKkmba8rWf,user,4,active,2018-05-14 11:52:06,2018-05-14 11:52:06
338,bfee4eeb12f9080c50d0d693702c0d98,Giovanny,Johnson,mraz.dannie@example.net,,,$2y$10$keBFEpSjhhDPxubjeIOb6.EzkI.4MFCJ4nKhw8dGSkxmvossOrrt2,AhnPIfO5At,staff,3,active,2018-05-14 11:52:06,2018-05-14 11:52:06
339,8cb5ec6c903b4241d863aac2123144f5,Troy,Mohr,easton74@example.com,,,$2y$10$fDVeokeYv12WMFOKjDI4DeghbbGCNGja8HiHkVIWAiHhSdojxjBZC,qBGvx4GNBR,staff,4,pending,2018-05-14 11:52:06,2018-05-14 11:52:06
340,9cf2a031d1ea75c0dcf3b9b2998e271c,Rosamond,Kemmer,davion.kautzer@example.org,,,$2y$10$cfxpIy7bw/3.aNR4i3Ngsu7Y7AHPAtbQN4c6SVkM3EyLu02j0miWO,Taw9N4gMXi,user,3,active,2018-05-14 11:52:07,2018-05-14 11:52:07
341,bbe256f75b0c29c9033622b57b0a96d9,Lenna,Von,kendra59@example.org,,,$2y$10$2uaon23ReOBFfE2EVPgM/uOP/26IBnewYINMxE/EMKlg7W8PlqdG.,y20Cq6LR8I,user,3,active,2018-05-14 11:52:07,2018-05-14 11:52:07
342,e695ff523667ab890d9deb1c83b359f8,Kaela,Crona,lehner.ashly@example.com,,,$2y$10$bcQKogG4W2j5wTiKkE2zh.IipcGd6pmTO5DB5yKZo0fKL44vzMaD.,9cu9iULZ5W,staff,2,active,2018-05-14 11:52:07,2018-05-14 11:52:07
343,9a92cb991bc825031558cae0dcb0d25e,Lindsay,Lubowitz,casper.kadin@example.net,,,$2y$10$Z5IeSZreGC56qdjVIPN7euolBJs/4JLR5Hb1wirXa1pzvGG3v2k3i,Li7y2OjiXE,user,2,pending,2018-05-14 11:52:07,2018-05-14 11:52:07
344,c950bb1005ce25f93fcf4aacbe4196e8,Kacie,Welch,ikshlerin@example.com,,,$2y$10$H/zElojYkyP5kOGk4k9BGuyMVe.PrcCtBqTLZ.7KqRV68Jrlyz2DW,6yqZFvmVX1,staff,2,pending,2018-05-14 11:52:07,2018-05-14 11:52:07
345,3b09de24f410a0a1629752f826679159,Omer,Flatley,teagan29@example.com,,,$2y$10$08oc.7nps1kEZ0FOI4EApOW/p7U0VR9Q2cV57c/MPdZOUPUUDjYmS,pyUE1JTM2w,user,3,pending,2018-05-14 11:52:08,2018-05-14 11:52:08
346,72d2afd24e8f201d37ed9ae1e139ee04,Keshawn,Kirlin,kboyle@example.net,,,$2y$10$LYecn2B6VP7mClJhLl1M2..INutp9.JwY4MWiCQxQRfHjsEk/B/dm,GRfi2nvsDh,staff,1,pending,2018-05-14 11:52:08,2018-05-14 11:52:08
347,fa378e326a65233464be8912436f807d,Jermaine,Ryan,egrady@example.com,,,$2y$10$IdRuPUvY3a3KN/PDEhHeS.jcvXbf.uBSVeM7sYXBfRpTH3kxS667S,3vfLLPyD09,user,0,active,2018-05-14 11:52:08,2018-05-14 11:52:08
348,394b60f6dc6c858f866489fd844d39e6,Claud,Kunde,weimann.palma@example.net,,,$2y$10$cZmPzbArYgFXT3Rq5U6EGOKjjEzyeybdLp9hwEfODDlT4eLWw4Sx2,k9fkiIH3Jc,user,2,pending,2018-05-14 11:52:08,2018-05-14 11:52:08
349,861376afe799efedcb7f647613205653,Tyrese,Ruecker,raven.rath@example.net,,,$2y$10$6n2.DRmGXoL7siImOmF0weWzQldOCY7giZrKuqkgwPI3JP.85xAJS,BelblahT8W,staff,1,pending,2018-05-14 11:52:08,2018-05-14 11:52:08
350,0e7451b2fee299d358dcadc70bdc2a06,Santina,Mohr,jeramie.dubuque@example.net,,,$2y$10$F54K8WnsDVHsImteGom8oO3KNx8zP60yUb0mRzuKeEPDEvIvvGyka,dL7ce5ciwp,staff,2,active,2018-05-14 11:52:08,2018-05-14 11:52:08
